schema,new_file,old_file,path,change_type,property,old_value,new_value,description
"contingencia-schema","svfe-json-schemas-new/v4/contingencia-schema-v4.json","svfe-json-schemas-old/contingencia-schema-v3.json","detalleDTE[].codigoGeneracion","description_modificado","description","Codigo de generacion del documento reportado.","Codigo de generacion del documento","Codigo de generacion del documento"
"contingencia-schema","svfe-json-schemas-new/v4/contingencia-schema-v4.json","svfe-json-schemas-old/contingencia-schema-v3.json","detalleDTE[].codigoGeneracion","restriccion_modificada","pattern","^[A-F0-9]{8}-[A-F0-9]{4}-[A-F0-9]{4}-[A-F0-9]{4}-[A-F0-9]{12}$","","Codigo de generacion del documento"
"contingencia-schema","svfe-json-schemas-new/v4/contingencia-schema-v4.json","svfe-json-schemas-old/contingencia-schema-v3.json","detalleDTE[].noItem","restriccion_modificada","maxLength","4","","Numero correlativo."
"contingencia-schema","svfe-json-schemas-new/v4/contingencia-schema-v4.json","svfe-json-schemas-old/contingencia-schema-v3.json","detalleDTE[].noItem","restriccion_modificada","minimum","","1","Numero correlativo."
"contingencia-schema","svfe-json-schemas-new/v4/contingencia-schema-v4.json","svfe-json-schemas-old/contingencia-schema-v3.json","detalleDTE[].noItem","restriccion_modificada","maximum","","1000","Numero correlativo."
"contingencia-schema","svfe-json-schemas-new/v4/contingencia-schema-v4.json","svfe-json-schemas-old/contingencia-schema-v3.json","detalleDTE[].tipoDoc","description_modificado","description","Tipo de Documento Tributario Electronico","Tipo de Documento en contingencia","Tipo de Documento en contingencia"
"contingencia-schema","svfe-json-schemas-new/v4/contingencia-schema-v4.json","svfe-json-schemas-old/contingencia-schema-v3.json","detalleDTE[].tipoDoc","restriccion_modificada","pattern","^0[1-9]|1[0-5]$","","Tipo de Documento en contingencia"
"contingencia-schema","svfe-json-schemas-new/v4/contingencia-schema-v4.json","svfe-json-schemas-old/contingencia-schema-v3.json","emisor","description_modificado","description","Informacion del emisor.","Informacion del emisor","Informacion del emisor"
"contingencia-schema","svfe-json-schemas-new/v4/contingencia-schema-v4.json","svfe-json-schemas-old/contingencia-schema-v3.json","emisor.codEstableMH","requerido_modificado","required","no","si","Código del establecimiento asignado por el MH"
"contingencia-schema","svfe-json-schemas-new/v4/contingencia-schema-v4.json","svfe-json-schemas-old/contingencia-schema-v3.json","emisor.codEstableMH","description_modificado","description","Codigo, Numero o Identificador de establecimiento por MH","Código del establecimiento asignado por el MH","Código del establecimiento asignado por el MH"
"contingencia-schema","svfe-json-schemas-new/v4/contingencia-schema-v4.json","svfe-json-schemas-old/contingencia-schema-v3.json","emisor.codPuntoVenta","eliminado","campo","tipo=string|null | requerido=no | descripcion=Codigo, Numero o Identificador de punto de venta por Contribuyente | restricciones=minLength=1; maxLength=15","","Codigo, Numero o Identificador de punto de venta por Contribuyente"
"contingencia-schema","svfe-json-schemas-new/v4/contingencia-schema-v4.json","svfe-json-schemas-old/contingencia-schema-v3.json","emisor.codPuntoVentaMH","agregado","campo","","tipo=string|null | requerido=si | descripcion=Código del Punto de Venta (Emisor) Asignado por el MH | restricciones=minLength=4; maxLength=4","Código del Punto de Venta (Emisor) Asignado por el MH"
"contingencia-schema","svfe-json-schemas-new/v4/contingencia-schema-v4.json","svfe-json-schemas-old/contingencia-schema-v3.json","emisor.correo","restriccion_modificada","format","email","","Correo electronico del emisor"
"contingencia-schema","svfe-json-schemas-new/v4/contingencia-schema-v4.json","svfe-json-schemas-old/contingencia-schema-v3.json","emisor.correo","restriccion_modificada","minLength","3","1","Correo electronico del emisor"
"contingencia-schema","svfe-json-schemas-new/v4/contingencia-schema-v4.json","svfe-json-schemas-old/contingencia-schema-v3.json","emisor.nit","description_modificado","description","NIT, sin guiones","NIT (Emisor)","NIT (Emisor)"
"contingencia-schema","svfe-json-schemas-new/v4/contingencia-schema-v4.json","svfe-json-schemas-old/contingencia-schema-v3.json","emisor.nit","restriccion_modificada","pattern","^([0-9]{14}|[0-9]{9})$","","NIT (Emisor)"
"contingencia-schema","svfe-json-schemas-new/v4/contingencia-schema-v4.json","svfe-json-schemas-old/contingencia-schema-v3.json","emisor.nombre","description_modificado","description","Nombre, denominación o  razón social del contribuyente (EMISOR)","Nombre (Emisor)","Nombre (Emisor)"
"contingencia-schema","svfe-json-schemas-new/v4/contingencia-schema-v4.json","svfe-json-schemas-old/contingencia-schema-v3.json","emisor.nombre","restriccion_modificada","minLength","5","1","Nombre (Emisor)"
"contingencia-schema","svfe-json-schemas-new/v4/contingencia-schema-v4.json","svfe-json-schemas-old/contingencia-schema-v3.json","emisor.nombreResponsable","restriccion_modificada","minLength","5","1","NOMBRE DEL RESPONSABLE DEL ESTABLECIMIENTO."
"contingencia-schema","svfe-json-schemas-new/v4/contingencia-schema-v4.json","svfe-json-schemas-old/contingencia-schema-v3.json","emisor.numeroDocResponsable","description_modificado","description","NUMERO DE DOCUMENTO DE IDENTIFICACION DEL RESPONSABLE.","NUMERO DE DOCUMENTO DE IDENTIFICACION","NUMERO DE DOCUMENTO DE IDENTIFICACION"
"contingencia-schema","svfe-json-schemas-new/v4/contingencia-schema-v4.json","svfe-json-schemas-old/contingencia-schema-v3.json","emisor.numeroDocResponsable","restriccion_modificada","minLength","5","1","NUMERO DE DOCUMENTO DE IDENTIFICACION"
"contingencia-schema","svfe-json-schemas-new/v4/contingencia-schema-v4.json","svfe-json-schemas-old/contingencia-schema-v3.json","emisor.telefono","description_modificado","description","Numero de telefono del emisor","Telefono (Emisor)","Telefono (Emisor)"
"contingencia-schema","svfe-json-schemas-new/v4/contingencia-schema-v4.json","svfe-json-schemas-old/contingencia-schema-v3.json","emisor.tipoDocResponsable","description_modificado","description","Tipo documento de identificación del responsable CAT-22: 36 - NIT, 13 - DUI, 02 - Carnet de residente, 03 - PASAPORTE, 37 - OTRO","Tipo de documento de identificación","Tipo de documento de identificación"
"contingencia-schema","svfe-json-schemas-new/v4/contingencia-schema-v4.json","svfe-json-schemas-old/contingencia-schema-v3.json","emisor.tipoDocResponsable","restriccion_modificada","enum","[""36"",""13"",""02"",""03"",""37""]","","Tipo de documento de identificación"
"contingencia-schema","svfe-json-schemas-new/v4/contingencia-schema-v4.json","svfe-json-schemas-old/contingencia-schema-v3.json","emisor.tipoEstablecimiento","description_modificado","description","TIPO DE ESTABLECIMIENTO (EMISOR) (QUE HA ENTRADO EN CONTINGENCIA)","TIPO DE ESTABLECIMIENTO (EMISOR)","TIPO DE ESTABLECIMIENTO (EMISOR)"
"contingencia-schema","svfe-json-schemas-new/v4/contingencia-schema-v4.json","svfe-json-schemas-old/contingencia-schema-v3.json","emisor.tipoEstablecimiento","restriccion_modificada","enum","[""01"",""02"",""04"",""07"",""20""]","","TIPO DE ESTABLECIMIENTO (EMISOR)"
"contingencia-schema","svfe-json-schemas-new/v4/contingencia-schema-v4.json","svfe-json-schemas-old/contingencia-schema-v3.json","identificacion","description_modificado","description","An explanation about the purpose of this instance.","Identificación","Identificación"
"contingencia-schema","svfe-json-schemas-new/v4/contingencia-schema-v4.json","svfe-json-schemas-old/contingencia-schema-v3.json","identificacion.ambiente","description_modificado","description","Ambiente de destino: 00 - Pruebas, 01 - Produccion","Ambiente de destino","Ambiente de destino"
"contingencia-schema","svfe-json-schemas-new/v4/contingencia-schema-v4.json","svfe-json-schemas-old/contingencia-schema-v3.json","identificacion.codigoGeneracion","description_modificado","description","Debe cumplir con el estandar del UUID v4, el cual Debe ser unico por evento de contingencia (el cual no debe repetirse) longitud de 36 digitos sin guiones codigo de generacion consiste en un numero identificador inico, aleatorio y universal.","Código de Generación Evento Contingencia.","Código de Generación Evento Contingencia."
"contingencia-schema","svfe-json-schemas-new/v4/contingencia-schema-v4.json","svfe-json-schemas-old/contingencia-schema-v3.json","identificacion.fTransmision","description_modificado","description","Fecha de emision (formato yyyy-mm-dd)","Fecha del evento de contingencia","Fecha del evento de contingencia"
"contingencia-schema","svfe-json-schemas-new/v4/contingencia-schema-v4.json","svfe-json-schemas-old/contingencia-schema-v3.json","identificacion.hTransmision","description_modificado","description","Hora de emision","Hora del evento contigencia","Hora del evento contigencia"
"contingencia-schema","svfe-json-schemas-new/v4/contingencia-schema-v4.json","svfe-json-schemas-old/contingencia-schema-v3.json","identificacion.version","description_modificado","description","Version del esquema del DTE","Versión del esquema del evento","Versión del esquema del evento"
"contingencia-schema","svfe-json-schemas-new/v4/contingencia-schema-v4.json","svfe-json-schemas-old/contingencia-schema-v3.json","identificacion.version","restriccion_modificada","const","3","4","Versión del esquema del evento"
"contingencia-schema","svfe-json-schemas-new/v4/contingencia-schema-v4.json","svfe-json-schemas-old/contingencia-schema-v3.json","motivo.fFin","description_modificado","description","Fecha de finalizacion de la contingencia","Fecha fin de contingencia","Fecha fin de contingencia"
"contingencia-schema","svfe-json-schemas-new/v4/contingencia-schema-v4.json","svfe-json-schemas-old/contingencia-schema-v3.json","motivo.hFin","restriccion_modificada","pattern","^(0[0-9]|1[0-9]|2[0-3]):[0-5][0-9]:[0-5][0-9]?$","","Hora fin de la contingencia."
"contingencia-schema","svfe-json-schemas-new/v4/contingencia-schema-v4.json","svfe-json-schemas-old/contingencia-schema-v3.json","motivo.hInicio","description_modificado","description","Hora inicio de la contingencia.","Hora inicio de contingencia.","Hora inicio de contingencia."
"contingencia-schema","svfe-json-schemas-new/v4/contingencia-schema-v4.json","svfe-json-schemas-old/contingencia-schema-v3.json","motivo.hInicio","restriccion_modificada","pattern","^(0[0-9]|1[0-9]|2[0-3]):[0-5][0-9]:[0-5][0-9]?$","","Hora inicio de contingencia."
"contingencia-schema","svfe-json-schemas-new/v4/contingencia-schema-v4.json","svfe-json-schemas-old/contingencia-schema-v3.json","motivo.tipoContingencia","description_modificado","description","Debe seleccional del Catalogo de la Contingencias cualquiera de las 5 opciones que aplique segun el motivo.","Tipo de contingencia.","Tipo de contingencia."
"contingencia-schema","svfe-json-schemas-new/v4/contingencia-schema-v4.json","svfe-json-schemas-old/contingencia-schema-v3.json","motivo.tipoContingencia","restriccion_modificada","enum","[1,2,3,4,5]","","Tipo de contingencia."
"fe-ccf","svfe-json-schemas-new/v4/fe-ccf-v4.json","svfe-json-schemas-old/fe-ccf-v3.json","apendice[].campo","restriccion_modificada","minLength","2","","Nombre del campo"
"fe-ccf","svfe-json-schemas-new/v4/fe-ccf-v4.json","svfe-json-schemas-old/fe-ccf-v3.json","apendice[].etiqueta","restriccion_modificada","minLength","3","","Descripción"
"fe-ccf","svfe-json-schemas-new/v4/fe-ccf-v4.json","svfe-json-schemas-old/fe-ccf-v3.json","apendice[].valor","restriccion_modificada","minLength","1","","Valor/Dato"
"fe-ccf","svfe-json-schemas-new/v4/fe-ccf-v4.json","svfe-json-schemas-old/fe-ccf-v3.json","cuerpoDocumento[].codTributo","restriccion_modificada","enum","[null,""A8"",""57"",""90"",""D4"",""D5"",""25"",""A6""]","","Tributo sujeto a cálculo de IVA."
"fe-ccf","svfe-json-schemas-new/v4/fe-ccf-v4.json","svfe-json-schemas-old/fe-ccf-v3.json","cuerpoDocumento[].descripcion","restriccion_modificada","minLength","","1","Descripción"
"fe-ccf","svfe-json-schemas-new/v4/fe-ccf-v4.json","svfe-json-schemas-old/fe-ccf-v3.json","cuerpoDocumento[].descripcion","restriccion_modificada","maxLength","1000","1500","Descripción"
"fe-ccf","svfe-json-schemas-new/v4/fe-ccf-v4.json","svfe-json-schemas-old/fe-ccf-v3.json","cuerpoDocumento[].montoDescu","description_modificado","description","Descuento, Bonificación, Rebajas por ítem","Descuento  por ítem","Descuento  por ítem"
"fe-ccf","svfe-json-schemas-new/v4/fe-ccf-v4.json","svfe-json-schemas-old/fe-ccf-v3.json","cuerpoDocumento[].tipoItem","restriccion_modificada","enum","[1,2,3,4]","","Tipo de ítem"
"fe-ccf","svfe-json-schemas-new/v4/fe-ccf-v4.json","svfe-json-schemas-old/fe-ccf-v3.json","documentoRelacionado[].tipoDocumento","description_modificado","description","Tipo de Documento Tributario Relacionado","Tipo de Documento Relacionado","Tipo de Documento Relacionado"
"fe-ccf","svfe-json-schemas-new/v4/fe-ccf-v4.json","svfe-json-schemas-old/fe-ccf-v3.json","documentoRelacionado[].tipoDocumento","restriccion_modificada","enum","[""04"",""08"",""09""]","","Tipo de Documento Relacionado"
"fe-ccf","svfe-json-schemas-new/v4/fe-ccf-v4.json","svfe-json-schemas-old/fe-ccf-v3.json","documentoRelacionado[].tipoGeneracion","description_modificado","description","Tipo de Generación del Documento Tributario relacionado","Tipo de Generación del Documento relacionado","Tipo de Generación del Documento relacionado"
"fe-ccf","svfe-json-schemas-new/v4/fe-ccf-v4.json","svfe-json-schemas-old/fe-ccf-v3.json","documentoRelacionado[].tipoGeneracion","restriccion_modificada","enum","[1,2]","","Tipo de Generación del Documento relacionado"
"fe-ccf","svfe-json-schemas-new/v4/fe-ccf-v4.json","svfe-json-schemas-old/fe-ccf-v3.json","emisor.codActividad","restriccion_modificada","pattern","^[0-9]{2,6}$","","Código de Actividad Económica (Emisor)"
"fe-ccf","svfe-json-schemas-new/v4/fe-ccf-v4.json","svfe-json-schemas-old/fe-ccf-v3.json","emisor.codActividad","restriccion_modificada","minLength","","5","Código de Actividad Económica (Emisor)"
"fe-ccf","svfe-json-schemas-new/v4/fe-ccf-v4.json","svfe-json-schemas-old/fe-ccf-v3.json","emisor.codActividad","restriccion_modificada","maxLength","","6","Código de Actividad Económica (Emisor)"
"fe-ccf","svfe-json-schemas-new/v4/fe-ccf-v4.json","svfe-json-schemas-old/fe-ccf-v3.json","emisor.codEstable","restriccion_modificada","minLength","1","4","Código del establecimiento asignado por el contribuyente"
"fe-ccf","svfe-json-schemas-new/v4/fe-ccf-v4.json","svfe-json-schemas-old/fe-ccf-v3.json","emisor.codEstable","restriccion_modificada","maxLength","10","4","Código del establecimiento asignado por el contribuyente"
"fe-ccf","svfe-json-schemas-new/v4/fe-ccf-v4.json","svfe-json-schemas-old/fe-ccf-v3.json","emisor.codEstableMH","eliminado","campo","tipo=string|null | requerido=si | descripcion=Código del establecimiento asignado por el MH | restricciones=minLength=4; maxLength=4","","Código del establecimiento asignado por el MH"
"fe-ccf","svfe-json-schemas-new/v4/fe-ccf-v4.json","svfe-json-schemas-old/fe-ccf-v3.json","emisor.codPuntoVentaMH","eliminado","campo","tipo=string|null | requerido=si | descripcion=Código del Punto de Venta (Emisor) Asignado por el MH | restricciones=minLength=4; maxLength=4","","Código del Punto de Venta (Emisor) Asignado por el MH"
"fe-ccf","svfe-json-schemas-new/v4/fe-ccf-v4.json","svfe-json-schemas-old/fe-ccf-v3.json","emisor.correo","restriccion_modificada","format","email","","Correo electrónico (Emisor)"
"fe-ccf","svfe-json-schemas-new/v4/fe-ccf-v4.json","svfe-json-schemas-old/fe-ccf-v3.json","emisor.correo","restriccion_modificada","minLength","3","6","Correo electrónico (Emisor)"
"fe-ccf","svfe-json-schemas-new/v4/fe-ccf-v4.json","svfe-json-schemas-old/fe-ccf-v3.json","emisor.descActividad","restriccion_modificada","minLength","1","5","Actividad Económica (Emisor)"
"fe-ccf","svfe-json-schemas-new/v4/fe-ccf-v4.json","svfe-json-schemas-old/fe-ccf-v3.json","emisor.direccion.departamento","restriccion_modificada","pattern","^0[1-9]|1[0-4]$","","Dirección Departamento (Emisor)"
"fe-ccf","svfe-json-schemas-new/v4/fe-ccf-v4.json","svfe-json-schemas-old/fe-ccf-v3.json","emisor.direccion.distrito","agregado","campo","","tipo=string | requerido=si | descripcion=Dirección Distrito (Emisor)","Dirección Distrito (Emisor)"
"fe-ccf","svfe-json-schemas-new/v4/fe-ccf-v4.json","svfe-json-schemas-old/fe-ccf-v3.json","emisor.direccion.municipio","restriccion_modificada","pattern","^[0-9]{2}$","","Dirección Municipio (Emisor)"
"fe-ccf","svfe-json-schemas-new/v4/fe-ccf-v4.json","svfe-json-schemas-old/fe-ccf-v3.json","emisor.nit","restriccion_modificada","pattern","^([0-9]{14}|[0-9]{9})$","","NIT (Emisor)"
"fe-ccf","svfe-json-schemas-new/v4/fe-ccf-v4.json","svfe-json-schemas-old/fe-ccf-v3.json","emisor.nombre","description_modificado","description","Nombre, denominación o razón social del contribuyente (Emisor)","Nombre (Emisor)","Nombre (Emisor)"
"fe-ccf","svfe-json-schemas-new/v4/fe-ccf-v4.json","svfe-json-schemas-old/fe-ccf-v3.json","emisor.nombre","restriccion_modificada","minLength","3","1","Nombre (Emisor)"
"fe-ccf","svfe-json-schemas-new/v4/fe-ccf-v4.json","svfe-json-schemas-old/fe-ccf-v3.json","emisor.nombre","restriccion_modificada","maxLength","200","250","Nombre (Emisor)"
"fe-ccf","svfe-json-schemas-new/v4/fe-ccf-v4.json","svfe-json-schemas-old/fe-ccf-v3.json","emisor.nrc","restriccion_modificada","pattern","^[0-9]{1,8}$","","NRC (Emisor)"
"fe-ccf","svfe-json-schemas-new/v4/fe-ccf-v4.json","svfe-json-schemas-old/fe-ccf-v3.json","emisor.nrc","restriccion_modificada","minLength","","2","NRC (Emisor)"
"fe-ccf","svfe-json-schemas-new/v4/fe-ccf-v4.json","svfe-json-schemas-old/fe-ccf-v3.json","emisor.nrc","restriccion_modificada","maxLength","","8","NRC (Emisor)"
"fe-ccf","svfe-json-schemas-new/v4/fe-ccf-v4.json","svfe-json-schemas-old/fe-ccf-v3.json","emisor.tipoEstablecimiento","eliminado","campo","tipo=string | requerido=si | descripcion=Tipo de establecimiento (Emisor) | restricciones=enum=[""01"",""02"",""04"",""07"",""20""]","","Tipo de establecimiento (Emisor)"
"fe-ccf","svfe-json-schemas-new/v4/fe-ccf-v4.json","svfe-json-schemas-old/fe-ccf-v3.json","extension","eliminado","campo","tipo=object|null | requerido=si | descripcion=Extensión | restricciones=additionalProperties=false","","Extensión"
"fe-ccf","svfe-json-schemas-new/v4/fe-ccf-v4.json","svfe-json-schemas-old/fe-ccf-v3.json","extension.docuEntrega","eliminado","campo","tipo=string|null | requerido=si | descripcion=Documento de identificación de quien genera el DTE | restricciones=minLength=1; maxLength=25","","Documento de identificación de quien genera el DTE"
"fe-ccf","svfe-json-schemas-new/v4/fe-ccf-v4.json","svfe-json-schemas-old/fe-ccf-v3.json","extension.docuRecibe","eliminado","campo","tipo=string|null | requerido=si | descripcion=Documento de identificación del responsable de la operación por parte del receptor | restricciones=minLength=1; maxLength=25","","Documento de identificación del responsable de la operación por parte del receptor"
"fe-ccf","svfe-json-schemas-new/v4/fe-ccf-v4.json","svfe-json-schemas-old/fe-ccf-v3.json","extension.nombEntrega","eliminado","campo","tipo=string|null | requerido=si | descripcion=Nombre del responsable que Genera el DTE | restricciones=minLength=1; maxLength=100","","Nombre del responsable que Genera el DTE"
"fe-ccf","svfe-json-schemas-new/v4/fe-ccf-v4.json","svfe-json-schemas-old/fe-ccf-v3.json","extension.nombRecibe","eliminado","campo","tipo=string|null | requerido=si | descripcion=Nombre del responsable de la operación por parte del receptor | restricciones=minLength=1; maxLength=100","","Nombre del responsable de la operación por parte del receptor"
"fe-ccf","svfe-json-schemas-new/v4/fe-ccf-v4.json","svfe-json-schemas-old/fe-ccf-v3.json","extension.observaciones","eliminado","campo","tipo=string|null | requerido=si | descripcion=Observaciones | restricciones=maxLength=3000","","Observaciones"
"fe-ccf","svfe-json-schemas-new/v4/fe-ccf-v4.json","svfe-json-schemas-old/fe-ccf-v3.json","extension.placaVehiculo","eliminado","campo","tipo=string|null | requerido=si | descripcion=Placa de vehículo | restricciones=minLength=2; maxLength=10","","Placa de vehículo"
"fe-ccf","svfe-json-schemas-new/v4/fe-ccf-v4.json","svfe-json-schemas-old/fe-ccf-v3.json","identificacion.motivoContin","restriccion_modificada","maxLength","150","500","Motivo de Contingencia"
"fe-ccf","svfe-json-schemas-new/v4/fe-ccf-v4.json","svfe-json-schemas-old/fe-ccf-v3.json","identificacion.numeroControl","restriccion_modificada","pattern","^DTE-03-[A-Z0-9]{8}-[0-9]{15}$","^DTE-03-(M|B|S|P)([0-9]{3})(P)([0-9]{3})-[0-9]{15}","Número de Control"
"fe-ccf","svfe-json-schemas-new/v4/fe-ccf-v4.json","svfe-json-schemas-old/fe-ccf-v3.json","identificacion.version","restriccion_modificada","const","3","4","Versión"
"fe-ccf","svfe-json-schemas-new/v4/fe-ccf-v4.json","svfe-json-schemas-old/fe-ccf-v3.json","otrosDocumentos[].codDocAsociado","type_modificado","type","integer","integer|null","Documento asociado"
"fe-ccf","svfe-json-schemas-new/v4/fe-ccf-v4.json","svfe-json-schemas-old/fe-ccf-v3.json","otrosDocumentos[].descDocumento","restriccion_modificada","minLength","","3","Identificación del documento asociado"
"fe-ccf","svfe-json-schemas-new/v4/fe-ccf-v4.json","svfe-json-schemas-old/fe-ccf-v3.json","otrosDocumentos[].detalleDocumento","restriccion_modificada","minLength","","3","Descripción de documento asociado"
"fe-ccf","svfe-json-schemas-new/v4/fe-ccf-v4.json","svfe-json-schemas-old/fe-ccf-v3.json","otrosDocumentos[].medico.docIdentificacion","restriccion_modificada","minLength","2","1","Documento de identificación de médico no domiciliados"
"fe-ccf","svfe-json-schemas-new/v4/fe-ccf-v4.json","svfe-json-schemas-old/fe-ccf-v3.json","otrosDocumentos[].medico.nit","restriccion_modificada","pattern","^([0-9]{14}|[0-9]{9})$","","NIT de médico que presta el Servicio"
"fe-ccf","svfe-json-schemas-new/v4/fe-ccf-v4.json","svfe-json-schemas-old/fe-ccf-v3.json","otrosDocumentos[].medico.nombre","type_modificado","type","string","string|null","Nombre de médico que presta el Servicio"
"fe-ccf","svfe-json-schemas-new/v4/fe-ccf-v4.json","svfe-json-schemas-old/fe-ccf-v3.json","otrosDocumentos[].medico.nombre","restriccion_modificada","minLength","","1","Nombre de médico que presta el Servicio"
"fe-ccf","svfe-json-schemas-new/v4/fe-ccf-v4.json","svfe-json-schemas-old/fe-ccf-v3.json","receptor.codActividad","restriccion_modificada","pattern","^[0-9]{2,6}$","","Código de Actividad Económica (Receptor)"
"fe-ccf","svfe-json-schemas-new/v4/fe-ccf-v4.json","svfe-json-schemas-old/fe-ccf-v3.json","receptor.codActividad","restriccion_modificada","minLength","","5","Código de Actividad Económica (Receptor)"
"fe-ccf","svfe-json-schemas-new/v4/fe-ccf-v4.json","svfe-json-schemas-old/fe-ccf-v3.json","receptor.codActividad","restriccion_modificada","maxLength","","6","Código de Actividad Económica (Receptor)"
"fe-ccf","svfe-json-schemas-new/v4/fe-ccf-v4.json","svfe-json-schemas-old/fe-ccf-v3.json","receptor.correo","type_modificado","type","string","string|null","Correo electrónico (Receptor)"
"fe-ccf","svfe-json-schemas-new/v4/fe-ccf-v4.json","svfe-json-schemas-old/fe-ccf-v3.json","receptor.correo","restriccion_modificada","format","email","","Correo electrónico (Receptor)"
"fe-ccf","svfe-json-schemas-new/v4/fe-ccf-v4.json","svfe-json-schemas-old/fe-ccf-v3.json","receptor.correo","restriccion_modificada","minLength","","1","Correo electrónico (Receptor)"
"fe-ccf","svfe-json-schemas-new/v4/fe-ccf-v4.json","svfe-json-schemas-old/fe-ccf-v3.json","receptor.descActividad","restriccion_modificada","minLength","1","5","Actividad Económica (Receptor)"
"fe-ccf","svfe-json-schemas-new/v4/fe-ccf-v4.json","svfe-json-schemas-old/fe-ccf-v3.json","receptor.direccion.departamento","restriccion_modificada","pattern","^0[1-9]|1[0-4]$","","Dirección: Departamento (Receptor)"
"fe-ccf","svfe-json-schemas-new/v4/fe-ccf-v4.json","svfe-json-schemas-old/fe-ccf-v3.json","receptor.direccion.distrito","agregado","campo","","tipo=string | requerido=si | descripcion=Dirección Distrito (Receptor)","Dirección Distrito (Receptor)"
"fe-ccf","svfe-json-schemas-new/v4/fe-ccf-v4.json","svfe-json-schemas-old/fe-ccf-v3.json","receptor.direccion.municipio","restriccion_modificada","pattern","^[0-9]{2}$","","Dirección: Municipio (Receptor)"
"fe-ccf","svfe-json-schemas-new/v4/fe-ccf-v4.json","svfe-json-schemas-old/fe-ccf-v3.json","receptor.nit","restriccion_modificada","pattern","^([0-9]{14}|[0-9]{9})$","","NIT (Receptor)"
"fe-ccf","svfe-json-schemas-new/v4/fe-ccf-v4.json","svfe-json-schemas-old/fe-ccf-v3.json","receptor.nombre","description_modificado","description","Nombre, denominación o razón social del contribuyente (Receptor)","Nombre (Receptor)","Nombre (Receptor)"
"fe-ccf","svfe-json-schemas-new/v4/fe-ccf-v4.json","svfe-json-schemas-old/fe-ccf-v3.json","receptor.nrc","type_modificado","type","string","string|null","NRC (Receptor)"
"fe-ccf","svfe-json-schemas-new/v4/fe-ccf-v4.json","svfe-json-schemas-old/fe-ccf-v3.json","receptor.nrc","restriccion_modificada","pattern","^[0-9]{1,8}$","","NRC (Receptor)"
"fe-ccf","svfe-json-schemas-new/v4/fe-ccf-v4.json","svfe-json-schemas-old/fe-ccf-v3.json","receptor.nrc","restriccion_modificada","minLength","","2","NRC (Receptor)"
"fe-ccf","svfe-json-schemas-new/v4/fe-ccf-v4.json","svfe-json-schemas-old/fe-ccf-v3.json","receptor.nrc","restriccion_modificada","maxLength","","8","NRC (Receptor)"
"fe-ccf","svfe-json-schemas-new/v4/fe-ccf-v4.json","svfe-json-schemas-old/fe-ccf-v3.json","resumen.condicionOperacion","restriccion_modificada","enum","[1,2,3]","","Condición de la Operación"
"fe-ccf","svfe-json-schemas-new/v4/fe-ccf-v4.json","svfe-json-schemas-old/fe-ccf-v3.json","resumen.descuExenta","description_modificado","description","Monto de Descuento, Bonificación, Rebajas y otros a ventas exentas","Descuento global a ventas exentas","Descuento global a ventas exentas"
"fe-ccf","svfe-json-schemas-new/v4/fe-ccf-v4.json","svfe-json-schemas-old/fe-ccf-v3.json","resumen.descuGravada","description_modificado","description","Monto de Descuento, Bonificación, Rebajas y otros a ventas gravadas","Descuento global a ventas gravadas","Descuento global a ventas gravadas"
"fe-ccf","svfe-json-schemas-new/v4/fe-ccf-v4.json","svfe-json-schemas-old/fe-ccf-v3.json","resumen.descuNoSuj","description_modificado","description","Monto global de Descuento, Bonificación, Rebajas y otros a ventas no sujetas","Descuento global a ventas no sujetas","Descuento global a ventas no sujetas"
"fe-ccf","svfe-json-schemas-new/v4/fe-ccf-v4.json","svfe-json-schemas-old/fe-ccf-v3.json","resumen.ivaPerci","agregado","campo","","tipo=number | requerido=si | descripcion=IVA Percibido | restricciones=minimum=0; exclusiveMaximum=100000000000; multipleOf=0.01","IVA Percibido"
"fe-ccf","svfe-json-schemas-new/v4/fe-ccf-v4.json","svfe-json-schemas-old/fe-ccf-v3.json","resumen.ivaPerci1","eliminado","campo","tipo=number | requerido=si | descripcion=IVA Percibido | restricciones=minimum=0; exclusiveMaximum=100000000000; multipleOf=0.01","","IVA Percibido"
"fe-ccf","svfe-json-schemas-new/v4/fe-ccf-v4.json","svfe-json-schemas-old/fe-ccf-v3.json","resumen.ivaRete","agregado","campo","","tipo=number | requerido=si | descripcion=IVA Retenido | restricciones=minimum=0; exclusiveMaximum=100000000000; multipleOf=0.01","IVA Retenido"
"fe-ccf","svfe-json-schemas-new/v4/fe-ccf-v4.json","svfe-json-schemas-old/fe-ccf-v3.json","resumen.ivaRete1","eliminado","campo","tipo=number | requerido=si | descripcion=IVA Retenido | restricciones=minimum=0; exclusiveMaximum=100000000000; multipleOf=0.01","","IVA Retenido"
"fe-ccf","svfe-json-schemas-new/v4/fe-ccf-v4.json","svfe-json-schemas-old/fe-ccf-v3.json","resumen.montoTotalOperacion","restriccion_modificada","minimum","","0","Monto Total de la Operación"
"fe-ccf","svfe-json-schemas-new/v4/fe-ccf-v4.json","svfe-json-schemas-old/fe-ccf-v3.json","resumen.montoTotalOperacion","restriccion_modificada","exclusiveMinimum","0","","Monto Total de la Operación"
"fe-ccf","svfe-json-schemas-new/v4/fe-ccf-v4.json","svfe-json-schemas-old/fe-ccf-v3.json","resumen.observaciones","agregado","campo","","tipo=string|null | requerido=si | descripcion=Observaciones | restricciones=minLength=1; maximum=3000","Observaciones"
"fe-ccf","svfe-json-schemas-new/v4/fe-ccf-v4.json","svfe-json-schemas-old/fe-ccf-v3.json","resumen.pagos[]","restriccion_modificada","maxLength","","3",""
"fe-ccf","svfe-json-schemas-new/v4/fe-ccf-v4.json","svfe-json-schemas-old/fe-ccf-v3.json","resumen.pagos[].codigo","type_modificado","type","string","string|null","Código de forma de pago"
"fe-ccf","svfe-json-schemas-new/v4/fe-ccf-v4.json","svfe-json-schemas-old/fe-ccf-v3.json","resumen.pagos[].codigo","restriccion_modificada","pattern","^(0[1-9]||1[0-4]||99)$","","Código de forma de pago"
"fe-ccf","svfe-json-schemas-new/v4/fe-ccf-v4.json","svfe-json-schemas-old/fe-ccf-v3.json","resumen.pagos[].periodo","restriccion_modificada","exclusiveMinimum","","0","Período de plazo"
"fe-ccf","svfe-json-schemas-new/v4/fe-ccf-v4.json","svfe-json-schemas-old/fe-ccf-v3.json","resumen.pagos[].plazo","restriccion_modificada","pattern","^0[1-3]$","","Plazo"
"fe-ccf","svfe-json-schemas-new/v4/fe-ccf-v4.json","svfe-json-schemas-old/fe-ccf-v3.json","resumen.porcentajeDescuento","description_modificado","description","Porcentaje del monto global de Descuento, Bonificación, Rebajas y otros","Porcentaje de Descuento","Porcentaje de Descuento"
"fe-ccf","svfe-json-schemas-new/v4/fe-ccf-v4.json","svfe-json-schemas-old/fe-ccf-v3.json","resumen.reteRenta","eliminado","campo","tipo=number | requerido=si | descripcion=Retención Renta | restricciones=minimum=0; exclusiveMaximum=100000000000; multipleOf=0.01","","Retención Renta"
"fe-ccf","svfe-json-schemas-new/v4/fe-ccf-v4.json","svfe-json-schemas-old/fe-ccf-v3.json","resumen.saldoFavor","restriccion_modificada","exclusiveMinimum","","-100000000000","Saldo a Favor"
"fe-ccf","svfe-json-schemas-new/v4/fe-ccf-v4.json","svfe-json-schemas-old/fe-ccf-v3.json","resumen.saldoFavor","restriccion_modificada","exclusiveMaximum","100000000000","","Saldo a Favor"
"fe-ccf","svfe-json-schemas-new/v4/fe-ccf-v4.json","svfe-json-schemas-old/fe-ccf-v3.json","resumen.subTotalVentas","description_modificado","description","Suma de operaciones sin impuestos","Suma de operaciones","Suma de operaciones"
"fe-ccf","svfe-json-schemas-new/v4/fe-ccf-v4.json","svfe-json-schemas-old/fe-ccf-v3.json","resumen.totalDescu","description_modificado","description","Total del monto de Descuento, Bonificación, Rebajas","Total Descuentos","Total Descuentos"
"fe-ccf","svfe-json-schemas-new/v4/fe-ccf-v4.json","svfe-json-schemas-old/fe-ccf-v3.json","resumen.totalLetras","type_modificado","type","string","string|null","Valor en Letras"
"fe-ccf","svfe-json-schemas-new/v4/fe-ccf-v4.json","svfe-json-schemas-old/fe-ccf-v3.json","resumen.totalLetras","restriccion_modificada","minLength","","8","Valor en Letras"
"fe-ccf","svfe-json-schemas-new/v4/fe-ccf-v4.json","svfe-json-schemas-old/fe-ccf-v3.json","resumen.tributos[].descripcion","restriccion_modificada","minLength","2","1","Nombre del Tributo"
"fe-ccf","svfe-json-schemas-new/v4/fe-ccf-v4.json","svfe-json-schemas-old/fe-ccf-v3.json","resumen.tributos[].descripcion","restriccion_modificada","maxLength","150","300","Nombre del Tributo"
"fe-ccf","svfe-json-schemas-new/v4/fe-ccf-v4.json","svfe-json-schemas-old/fe-ccf-v3.json","ventaTercero.codDomiciliado","agregado","campo","","tipo=integer|null | requerido=si | descripcion=Domicilio Fiscal","Domicilio Fiscal"
"fe-ccf","svfe-json-schemas-new/v4/fe-ccf-v4.json","svfe-json-schemas-old/fe-ccf-v3.json","ventaTercero.nit","type_modificado","type","string","string|null","NIT por cuenta de Terceros"
"fe-ccf","svfe-json-schemas-new/v4/fe-ccf-v4.json","svfe-json-schemas-old/fe-ccf-v3.json","ventaTercero.nit","restriccion_modificada","pattern","^([0-9]{14}|[0-9]{9})$","","NIT por cuenta de Terceros"
"fe-ccf","svfe-json-schemas-new/v4/fe-ccf-v4.json","svfe-json-schemas-old/fe-ccf-v3.json","ventaTercero.nit","restriccion_modificada","minLength","","1","NIT por cuenta de Terceros"
"fe-ccf","svfe-json-schemas-new/v4/fe-ccf-v4.json","svfe-json-schemas-old/fe-ccf-v3.json","ventaTercero.nit","restriccion_modificada","maxLength","","20","NIT por cuenta de Terceros"
"fe-ccf","svfe-json-schemas-new/v4/fe-ccf-v4.json","svfe-json-schemas-old/fe-ccf-v3.json","ventaTercero.nombre","description_modificado","description","Nombre, denominación o razón social del Tercero","Nombre del Tercero","Nombre del Tercero"
"fe-ccf","svfe-json-schemas-new/v4/fe-ccf-v4.json","svfe-json-schemas-old/fe-ccf-v3.json","ventaTercero.nombre","restriccion_modificada","minLength","3","1","Nombre del Tercero"
"fe-ccf","svfe-json-schemas-new/v4/fe-ccf-v4.json","svfe-json-schemas-old/fe-ccf-v3.json","ventaTercero.nombre","restriccion_modificada","maxLength","200","250","Nombre del Tercero"
"fe-cd","svfe-json-schemas-new/v2/fe-cd-v2.json","svfe-json-schemas-old/fe-cd-v1.json","apendice[].campo","restriccion_modificada","minLength","2","1","Nombre del campo"
"fe-cd","svfe-json-schemas-new/v2/fe-cd-v2.json","svfe-json-schemas-old/fe-cd-v1.json","apendice[].etiqueta","restriccion_modificada","minLength","3","1","Descripción"
"fe-cd","svfe-json-schemas-new/v2/fe-cd-v2.json","svfe-json-schemas-old/fe-cd-v1.json","cuerpoDocumento[].depreciacion","eliminado","campo","tipo=number | requerido=si | descripcion=Depreciación | restricciones=minimum=0; exclusiveMaximum=100000000000; multipleOf=1e-8","","Depreciación"
"fe-cd","svfe-json-schemas-new/v2/fe-cd-v2.json","svfe-json-schemas-old/fe-cd-v1.json","cuerpoDocumento[].descripcion","restriccion_modificada","maxLength","1000","1500","Descripción"
"fe-cd","svfe-json-schemas-new/v2/fe-cd-v2.json","svfe-json-schemas-old/fe-cd-v1.json","cuerpoDocumento[].tipoDepreciacion","agregado","campo","","tipo=number | requerido=si | descripcion=Depreciación | restricciones=minimum=0; exclusiveMaximum=100000000000; multipleOf=1e-8","Depreciación"
"fe-cd","svfe-json-schemas-new/v2/fe-cd-v2.json","svfe-json-schemas-old/fe-cd-v1.json","cuerpoDocumento[].tipoDonacion","restriccion_modificada","enum","[1,2,3]","","Tipo donación"
"fe-cd","svfe-json-schemas-new/v2/fe-cd-v2.json","svfe-json-schemas-old/fe-cd-v1.json","cuerpoDocumento[].uniMedida","restriccion_modificada","enum","[1,2,3,4,5,6,8,9,10,11,12,13,14,15,16,17,18,19,20,21,22,23,24,25,26,27,29,30,31,32,33,34,35,36,37,38,39,40,42,43,44,45,46,47,49,50,51,52,53,54,55,56,57,58,59,99]","","Unidad de Medida"
"fe-cd","svfe-json-schemas-new/v2/fe-cd-v2.json","svfe-json-schemas-old/fe-cd-v1.json","donante","eliminado","campo","tipo=object | requerido=si | descripcion=Receptor | restricciones=additionalProperties=false","","Receptor"
"fe-cd","svfe-json-schemas-new/v2/fe-cd-v2.json","svfe-json-schemas-old/fe-cd-v1.json","donante.codActividad","eliminado","campo","tipo=string|null | requerido=si | descripcion=Código de Actividad Económica (Receptor) | restricciones=pattern=^[0-9]{2,6}$; minLength=1; maxLength=6","","Código de Actividad Económica (Receptor)"
"fe-cd","svfe-json-schemas-new/v2/fe-cd-v2.json","svfe-json-schemas-old/fe-cd-v1.json","donante.codDomiciliado","eliminado","campo","tipo=integer | requerido=si | descripcion=Domicilio Fiscal | restricciones=enum=[1,2]","","Domicilio Fiscal"
"fe-cd","svfe-json-schemas-new/v2/fe-cd-v2.json","svfe-json-schemas-old/fe-cd-v1.json","donante.codPais","eliminado","campo","tipo=string | requerido=si | descripcion=Codigo de Pais, catalogo 020 | restricciones=enum=[""9320"",""9539"",""9565"",""9905"",""9999"",""9303"",""9306"",""9309"",""9310"",""9315"",""9317"",""9318"",""9319"",""9324"",""9327"",""9330"",""9333"",""9336"",""9339"",""9342"",""9345"",""9348"",""9349"",""9350"",""9354"",""9357"",""9360"",""9363"",""9366"",""9372"",""9374"",""9375"",""9377"",""9378"",""9381"",""9384"",""9387"",""9390"",""9393"",""9394"",""9396"",""9399"",""9402"",""9405"",""9408"",""9411"",""9414"",""9417"",""9420"",""9423"",""9426"",""9432"",""9435"",""9438"",""9440"",""9441"",""9444"",""9446"",""9447"",""9450"",""9453"",""9456"",""9459"",""9462"",""9465"",""9468"",""9471"",""9474"",""9477"",""9480"",""9481"",""9483"",""9486"",""9487"",""9495"",""9498"",""9501"",""9504"",""9507"",""9513"",""9516"",""9519"",""9522"",""9525"",""9526"",""9528"",""9531"",""9534"",""9537"",""9540"",""9543"",""9544"",""9546"",""9549"",""9552"",""9555"",""9558"",""9561"",""9564"",""9567"",""9570"",""9573"",""9576"",""9577"",""9582"",""9585"",""9591"",""9594"",""9597"",""9600"",""9601"",""9603"",""9606"",""9609"",""9611"",""9612"",""9615"",""9618"",""9621"",""9624"",""9627"",""9633"",""9636"",""9638"",""9639"",""9642"",""9645"",""9648"",""9651"",""9660"",""9663"",""9666"",""9669"",""9672"",""9675"",""9677"",""9678"",""9679"",""9680"",""9681"",""9682"",""9683"",""9684"",""9687"",""9690"",""9691"",""9693"",""9696"",""9699"",""9702"",""9705"",""9706"",""9707"",""9708"",""9714"",""9717"",""9720"",""9722"",""9723"",""9725"",""9726"",""9727"",""9729"",""9732"",""9735"",""9738"",""9739"",""9740"",""9741"",""9744"",""9747"",""9750"",""9756"",""9758"",""9759"",""9760"",""9850"",""9862"",""9863"",""9865"",""9886"",""9898"",""9899"",""9897"",""9887"",""9571"",""9300"",""9369"",""9439"",""9510"",""9579"",""9654"",""9711"",""9736"",""9737"",""9640"",""9641"",""9673"",""9472"",""9311"",""9733"",""9541"",""9746"",""9551"",""9451"",""9338"",""9353"",""9482"",""9494"",""9524"",""9304"",""9332"",""9454"",""9457"",""9489"",""9491"",""9492"",""9523"",""9530"",""9532"",""9535"",""9542"",""9547"",""9548"",""9574"",""9598"",""9602"",""9607"",""9608"",""9623"",""9652"",""9692"",""9709"",""9712"",""9716"",""9718"",""9719"",""9751"",""9452"",""9901"",""9902"",""9903"",""9664"",""9415"",""9904"",""9514"",""9906"",""9359"",""9493"",""9521"",""9533"",""9538"",""9689"",""9713"",""9449"",""9888"",""9490"",""9527"",""9529"",""9536"",""9545"",""9568"",""9610"",""9622"",""9643"",""9667"",""9676"",""9685"",""9686"",""9688"",""9715"",""9900"",""9371"",""9376"",""9907""]","","Codigo de Pais, catalogo 020"
"fe-cd","svfe-json-schemas-new/v2/fe-cd-v2.json","svfe-json-schemas-old/fe-cd-v1.json","donante.correo","eliminado","campo","tipo=null|string | requerido=si | descripcion=Correo electrónico (Receptor) | restricciones=format=email; maxLength=100","","Correo electrónico (Receptor)"
"fe-cd","svfe-json-schemas-new/v2/fe-cd-v2.json","svfe-json-schemas-old/fe-cd-v1.json","donante.descActividad","eliminado","campo","tipo=string|null | requerido=si | descripcion=Actividad Económica (Receptor) | restricciones=minLength=1; maxLength=150","","Actividad Económica (Receptor)"
"fe-cd","svfe-json-schemas-new/v2/fe-cd-v2.json","svfe-json-schemas-old/fe-cd-v1.json","donante.direccion","eliminado","campo","tipo=null|object | requerido=si | descripcion=Dirección (Receptor) | restricciones=additionalProperties=false","","Dirección (Receptor)"
"fe-cd","svfe-json-schemas-new/v2/fe-cd-v2.json","svfe-json-schemas-old/fe-cd-v1.json","donante.direccion.complemento","eliminado","campo","tipo=string | requerido=si | descripcion=Dirección: complemento (Receptor) | restricciones=minLength=1; maxLength=200","","Dirección: complemento (Receptor)"
"fe-cd","svfe-json-schemas-new/v2/fe-cd-v2.json","svfe-json-schemas-old/fe-cd-v1.json","donante.direccion.departamento","eliminado","campo","tipo=string | requerido=si | descripcion=Dirección: Departamento (Receptor) | restricciones=pattern=^0[1-9]|1[0-4]$","","Dirección: Departamento (Receptor)"
"fe-cd","svfe-json-schemas-new/v2/fe-cd-v2.json","svfe-json-schemas-old/fe-cd-v1.json","donante.direccion.municipio","eliminado","campo","tipo=string | requerido=si | descripcion=Dirección: Municipio (Receptor) | restricciones=pattern=^[0-9]{2}$","","Dirección: Municipio (Receptor)"
"fe-cd","svfe-json-schemas-new/v2/fe-cd-v2.json","svfe-json-schemas-old/fe-cd-v1.json","donante.nombre","eliminado","campo","tipo=string | requerido=si | descripcion=Nombre, denominación o razón social del contribuyente (Receptor) | restricciones=minLength=1; maxLength=250","","Nombre, denominación o razón social del contribuyente (Receptor)"
"fe-cd","svfe-json-schemas-new/v2/fe-cd-v2.json","svfe-json-schemas-old/fe-cd-v1.json","donante.nrc","eliminado","campo","tipo=string|null | requerido=si | descripcion=NRC (Receptor) | restricciones=pattern=^[0-9]{1,8}$; minLength=2; maxLength=8","","NRC (Receptor)"
"fe-cd","svfe-json-schemas-new/v2/fe-cd-v2.json","svfe-json-schemas-old/fe-cd-v1.json","donante.numDocumento","eliminado","campo","tipo=string | requerido=si | descripcion=Número de documento de Identificación (Receptor) | restricciones=minLength=3; maxLength=20","","Número de documento de Identificación (Receptor)"
"fe-cd","svfe-json-schemas-new/v2/fe-cd-v2.json","svfe-json-schemas-old/fe-cd-v1.json","donante.telefono","eliminado","campo","tipo=null|string | requerido=si | descripcion=Teléfono (Receptor) | restricciones=minLength=8; maxLength=30","","Teléfono (Receptor)"
"fe-cd","svfe-json-schemas-new/v2/fe-cd-v2.json","svfe-json-schemas-old/fe-cd-v1.json","donante.tipoDocumento","eliminado","campo","tipo=string | requerido=si | descripcion=Tipo de documento de identificación (Receptor) | restricciones=enum=[""36"",""13"",""02"",""03"",""37""]","","Tipo de documento de identificación (Receptor)"
"fe-cd","svfe-json-schemas-new/v2/fe-cd-v2.json","svfe-json-schemas-old/fe-cd-v1.json","donatario","eliminado","campo","tipo=object | requerido=si | descripcion=Emisor | restricciones=additionalProperties=false","","Emisor"
"fe-cd","svfe-json-schemas-new/v2/fe-cd-v2.json","svfe-json-schemas-old/fe-cd-v1.json","donatario.codActividad","eliminado","campo","tipo=string | requerido=si | descripcion=Código de Actividad Económica (Emisor) | restricciones=pattern=^[0-9]{2,6}$; minLength=1; maxLength=6","","Código de Actividad Económica (Emisor)"
"fe-cd","svfe-json-schemas-new/v2/fe-cd-v2.json","svfe-json-schemas-old/fe-cd-v1.json","donatario.codEstable","eliminado","campo","tipo=string|null | requerido=si | descripcion=Código del establecimiento asignado por el contribuyente | restricciones=minLength=4; maxLength=4","","Código del establecimiento asignado por el contribuyente"
"fe-cd","svfe-json-schemas-new/v2/fe-cd-v2.json","svfe-json-schemas-old/fe-cd-v1.json","donatario.codEstableMH","eliminado","campo","tipo=string|null | requerido=si | descripcion=Código del establecimiento asignado por el MH | restricciones=minLength=4; maxLength=4","","Código del establecimiento asignado por el MH"
"fe-cd","svfe-json-schemas-new/v2/fe-cd-v2.json","svfe-json-schemas-old/fe-cd-v1.json","donatario.codPuntoVenta","eliminado","campo","tipo=string|null | requerido=si | descripcion=Código del Punto de Venta (Emisor) asignado por el contribuyente | restricciones=minLength=1; maxLength=15","","Código del Punto de Venta (Emisor) asignado por el contribuyente"
"fe-cd","svfe-json-schemas-new/v2/fe-cd-v2.json","svfe-json-schemas-old/fe-cd-v1.json","donatario.codPuntoVentaMH","eliminado","campo","tipo=string|null | requerido=si | descripcion=Código del Punto de Venta (Emisor) Asignado por el MH | restricciones=minLength=4; maxLength=4","","Código del Punto de Venta (Emisor) Asignado por el MH"
"fe-cd","svfe-json-schemas-new/v2/fe-cd-v2.json","svfe-json-schemas-old/fe-cd-v1.json","donatario.correo","eliminado","campo","tipo=string | requerido=si | descripcion=Correo electrónico (Emisor) | restricciones=format=email; minLength=3; maxLength=100","","Correo electrónico (Emisor)"
"fe-cd","svfe-json-schemas-new/v2/fe-cd-v2.json","svfe-json-schemas-old/fe-cd-v1.json","donatario.descActividad","eliminado","campo","tipo=string | requerido=si | descripcion=Actividad Económica (Emisor) | restricciones=minLength=1; maxLength=150","","Actividad Económica (Emisor)"
"fe-cd","svfe-json-schemas-new/v2/fe-cd-v2.json","svfe-json-schemas-old/fe-cd-v1.json","donatario.direccion","eliminado","campo","tipo=object | requerido=si | descripcion=Dirección (Emisor) | restricciones=additionalProperties=false","","Dirección (Emisor)"
"fe-cd","svfe-json-schemas-new/v2/fe-cd-v2.json","svfe-json-schemas-old/fe-cd-v1.json","donatario.direccion.complemento","eliminado","campo","tipo=string | requerido=si | descripcion=Dirección complemento (Emisor) | restricciones=minLength=1; maxLength=200","","Dirección complemento (Emisor)"
"fe-cd","svfe-json-schemas-new/v2/fe-cd-v2.json","svfe-json-schemas-old/fe-cd-v1.json","donatario.direccion.departamento","eliminado","campo","tipo=string | requerido=si | descripcion=Dirección Departamento (Emisor) | restricciones=pattern=^0[1-9]|1[0-4]$","","Dirección Departamento (Emisor)"
"fe-cd","svfe-json-schemas-new/v2/fe-cd-v2.json","svfe-json-schemas-old/fe-cd-v1.json","donatario.direccion.municipio","eliminado","campo","tipo=string | requerido=si | descripcion=Dirección Municipio (Emisor) | restricciones=pattern=^[0-9]{2}$","","Dirección Municipio (Emisor)"
"fe-cd","svfe-json-schemas-new/v2/fe-cd-v2.json","svfe-json-schemas-old/fe-cd-v1.json","donatario.nombre","eliminado","campo","tipo=string | requerido=si | descripcion=Nombre, denominación o razón social del contribuyente (Emisor) | restricciones=minLength=1; maxLength=250","","Nombre, denominación o razón social del contribuyente (Emisor)"
"fe-cd","svfe-json-schemas-new/v2/fe-cd-v2.json","svfe-json-schemas-old/fe-cd-v1.json","donatario.nombreComercial","eliminado","campo","tipo=string|null | requerido=si | descripcion=Nombre Comercial (Emisor) | restricciones=minLength=1; maxLength=150","","Nombre Comercial (Emisor)"
"fe-cd","svfe-json-schemas-new/v2/fe-cd-v2.json","svfe-json-schemas-old/fe-cd-v1.json","donatario.nrc","eliminado","campo","tipo=string|null | requerido=si | descripcion=NRC (Emisor) | restricciones=pattern=^[0-9]{1,8}$; minLength=2; maxLength=8","","NRC (Emisor)"
"fe-cd","svfe-json-schemas-new/v2/fe-cd-v2.json","svfe-json-schemas-old/fe-cd-v1.json","donatario.numDocumento","eliminado","campo","tipo=string | requerido=si | descripcion=Número de documento de Identificación (Emisor) | restricciones=minLength=9; maxLength=14","","Número de documento de Identificación (Emisor)"
"fe-cd","svfe-json-schemas-new/v2/fe-cd-v2.json","svfe-json-schemas-old/fe-cd-v1.json","donatario.telefono","eliminado","campo","tipo=string | requerido=si | descripcion=Teléfono (Emisor) | restricciones=minLength=8; maxLength=30","","Teléfono (Emisor)"
"fe-cd","svfe-json-schemas-new/v2/fe-cd-v2.json","svfe-json-schemas-old/fe-cd-v1.json","donatario.tipoDocumento","eliminado","campo","tipo=string | requerido=si | descripcion=Tipo de documento de identificación (Emisor)  | restricciones=enum=[""36""]","","Tipo de documento de identificación (Emisor) "
"fe-cd","svfe-json-schemas-new/v2/fe-cd-v2.json","svfe-json-schemas-old/fe-cd-v1.json","donatario.tipoEstablecimiento","eliminado","campo","tipo=string | requerido=si | descripcion=Tipo de establecimiento (Emisor) | restricciones=enum=[""01"",""02"",""04"",""07"",""20""]","","Tipo de establecimiento (Emisor)"
"fe-cd","svfe-json-schemas-new/v2/fe-cd-v2.json","svfe-json-schemas-old/fe-cd-v1.json","emisor","agregado","campo","","tipo=object | requerido=si | descripcion=Emisor/Donatario | restricciones=additionalProperties=false","Emisor/Donatario"
"fe-cd","svfe-json-schemas-new/v2/fe-cd-v2.json","svfe-json-schemas-old/fe-cd-v1.json","emisor.codActividad","agregado","campo","","tipo=string | requerido=si | descripcion=Código de Actividad Económica (Emisor) | restricciones=minLength=5; maxLength=6","Código de Actividad Económica (Emisor)"
"fe-cd","svfe-json-schemas-new/v2/fe-cd-v2.json","svfe-json-schemas-old/fe-cd-v1.json","emisor.codEstable","agregado","campo","","tipo=string|null | requerido=si | descripcion=Código del establecimiento asignado por el contribuyente | restricciones=minLength=4; maxLength=4","Código del establecimiento asignado por el contribuyente"
"fe-cd","svfe-json-schemas-new/v2/fe-cd-v2.json","svfe-json-schemas-old/fe-cd-v1.json","emisor.codPuntoVenta","agregado","campo","","tipo=string|null | requerido=si | descripcion=Código del Punto de Venta (Emisor) asignado por el contribuyente | restricciones=minLength=1; maxLength=15","Código del Punto de Venta (Emisor) asignado por el contribuyente"
"fe-cd","svfe-json-schemas-new/v2/fe-cd-v2.json","svfe-json-schemas-old/fe-cd-v1.json","emisor.correo","agregado","campo","","tipo=string | requerido=si | descripcion=Correo electrónico (Emisor) | restricciones=minLength=6; maxLength=100","Correo electrónico (Emisor)"
"fe-cd","svfe-json-schemas-new/v2/fe-cd-v2.json","svfe-json-schemas-old/fe-cd-v1.json","emisor.descActividad","agregado","campo","","tipo=string | requerido=si | descripcion=Actividad Económica (Emisor) | restricciones=minLength=5; maxLength=150","Actividad Económica (Emisor)"
"fe-cd","svfe-json-schemas-new/v2/fe-cd-v2.json","svfe-json-schemas-old/fe-cd-v1.json","emisor.direccion","agregado","campo","","tipo=object | requerido=si | descripcion=Dirección (Emisor) | restricciones=additionalProperties=false","Dirección (Emisor)"
"fe-cd","svfe-json-schemas-new/v2/fe-cd-v2.json","svfe-json-schemas-old/fe-cd-v1.json","emisor.direccion.complemento","agregado","campo","","tipo=string | requerido=si | descripcion=Dirección complemento (Emisor) | restricciones=minLength=1; maxLength=200","Dirección complemento (Emisor)"
"fe-cd","svfe-json-schemas-new/v2/fe-cd-v2.json","svfe-json-schemas-old/fe-cd-v1.json","emisor.direccion.departamento","agregado","campo","","tipo=string | requerido=si | descripcion=Dirección Departamento (Emisor)","Dirección Departamento (Emisor)"
"fe-cd","svfe-json-schemas-new/v2/fe-cd-v2.json","svfe-json-schemas-old/fe-cd-v1.json","emisor.direccion.distrito","agregado","campo","","tipo=string | requerido=si | descripcion=Dirección Distrito (Emisor)","Dirección Distrito (Emisor)"
"fe-cd","svfe-json-schemas-new/v2/fe-cd-v2.json","svfe-json-schemas-old/fe-cd-v1.json","emisor.direccion.municipio","agregado","campo","","tipo=string | requerido=si | descripcion=Dirección Municipio (Emisor)","Dirección Municipio (Emisor)"
"fe-cd","svfe-json-schemas-new/v2/fe-cd-v2.json","svfe-json-schemas-old/fe-cd-v1.json","emisor.nombre","agregado","campo","","tipo=string | requerido=si | descripcion=Nombre (Emisor) | restricciones=minLength=1; maxLength=250","Nombre (Emisor)"
"fe-cd","svfe-json-schemas-new/v2/fe-cd-v2.json","svfe-json-schemas-old/fe-cd-v1.json","emisor.nombreComercial","agregado","campo","","tipo=string|null | requerido=si | descripcion=Nombre Comercial (Emisor) | restricciones=minLength=1; maxLength=150","Nombre Comercial (Emisor)"
"fe-cd","svfe-json-schemas-new/v2/fe-cd-v2.json","svfe-json-schemas-old/fe-cd-v1.json","emisor.nrc","agregado","campo","","tipo=string|null | requerido=si | descripcion=NRC (Emisor) | restricciones=minLength=2; maxLength=8","NRC (Emisor)"
"fe-cd","svfe-json-schemas-new/v2/fe-cd-v2.json","svfe-json-schemas-old/fe-cd-v1.json","emisor.numDocumento","agregado","campo","","tipo=string | requerido=si | descripcion=Número de documento de Identificación (Emisor) | restricciones=minLength=9; maxLength=14","Número de documento de Identificación (Emisor)"
"fe-cd","svfe-json-schemas-new/v2/fe-cd-v2.json","svfe-json-schemas-old/fe-cd-v1.json","emisor.telefono","agregado","campo","","tipo=string | requerido=si | descripcion=Teléfono (Emisor) | restricciones=minLength=8; maxLength=30","Teléfono (Emisor)"
"fe-cd","svfe-json-schemas-new/v2/fe-cd-v2.json","svfe-json-schemas-old/fe-cd-v1.json","emisor.tipoDocumento","agregado","campo","","tipo=string | requerido=si | descripcion=Tipo de documento de identificación (Emisor) ","Tipo de documento de identificación (Emisor) "
"fe-cd","svfe-json-schemas-new/v2/fe-cd-v2.json","svfe-json-schemas-old/fe-cd-v1.json","identificacion.tipoModelo","restriccion_modificada","enum","[1]","[1,2]","Modelo de Facturación"
"fe-cd","svfe-json-schemas-new/v2/fe-cd-v2.json","svfe-json-schemas-old/fe-cd-v1.json","identificacion.version","restriccion_modificada","const","1","2","Versión"
"fe-cd","svfe-json-schemas-new/v2/fe-cd-v2.json","svfe-json-schemas-old/fe-cd-v1.json","otrosDocumentos[].codDocAsociado","type_modificado","type","integer","integer|null","Documento asociado"
"fe-cd","svfe-json-schemas-new/v2/fe-cd-v2.json","svfe-json-schemas-old/fe-cd-v1.json","otrosDocumentos[].codDocAsociado","restriccion_modificada","enum","[1,2]","","Documento asociado"
"fe-cd","svfe-json-schemas-new/v2/fe-cd-v2.json","svfe-json-schemas-old/fe-cd-v1.json","otrosDocumentos[].descDocumento","type_modificado","type","string","string|null","Identificación del documento asociado"
"fe-cd","svfe-json-schemas-new/v2/fe-cd-v2.json","svfe-json-schemas-old/fe-cd-v1.json","otrosDocumentos[].descDocumento","restriccion_modificada","minLength","","3","Identificación del documento asociado"
"fe-cd","svfe-json-schemas-new/v2/fe-cd-v2.json","svfe-json-schemas-old/fe-cd-v1.json","otrosDocumentos[].detalleDocumento","type_modificado","type","string","string|null","Descripción de documento asociado"
"fe-cd","svfe-json-schemas-new/v2/fe-cd-v2.json","svfe-json-schemas-old/fe-cd-v1.json","otrosDocumentos[].detalleDocumento","restriccion_modificada","minLength","","3","Descripción de documento asociado"
"fe-cd","svfe-json-schemas-new/v2/fe-cd-v2.json","svfe-json-schemas-old/fe-cd-v1.json","receptor","agregado","campo","","tipo=object | requerido=si | descripcion=Receptor/Donante | restricciones=additionalProperties=false","Receptor/Donante"
"fe-cd","svfe-json-schemas-new/v2/fe-cd-v2.json","svfe-json-schemas-old/fe-cd-v1.json","receptor.codActividad","agregado","campo","","tipo=string|null | requerido=si | descripcion=Código de Actividad Económica (Receptor) | restricciones=minLength=5; maxLength=6","Código de Actividad Económica (Receptor)"
"fe-cd","svfe-json-schemas-new/v2/fe-cd-v2.json","svfe-json-schemas-old/fe-cd-v1.json","receptor.codDomiciliado","agregado","campo","","tipo=integer | requerido=si | descripcion=Domicilio Fiscal","Domicilio Fiscal"
"fe-cd","svfe-json-schemas-new/v2/fe-cd-v2.json","svfe-json-schemas-old/fe-cd-v1.json","receptor.codPais","agregado","campo","","tipo=string | requerido=si | descripcion=Codigo de país de nacionalidad del (Receptor)","Codigo de país de nacionalidad del (Receptor)"
"fe-cd","svfe-json-schemas-new/v2/fe-cd-v2.json","svfe-json-schemas-old/fe-cd-v1.json","receptor.correo","agregado","campo","","tipo=null|string | requerido=si | descripcion=Correo electrónico (Receptor) | restricciones=minLength=6; maxLength=100","Correo electrónico (Receptor)"
"fe-cd","svfe-json-schemas-new/v2/fe-cd-v2.json","svfe-json-schemas-old/fe-cd-v1.json","receptor.descActividad","agregado","campo","","tipo=string|null | requerido=si | descripcion=Actividad Económica (Receptor) | restricciones=minLength=1; maxLength=150","Actividad Económica (Receptor)"
"fe-cd","svfe-json-schemas-new/v2/fe-cd-v2.json","svfe-json-schemas-old/fe-cd-v1.json","receptor.direccion","agregado","campo","","tipo=null|object | requerido=si | descripcion=Dirección (Receptor) | restricciones=additionalProperties=false","Dirección (Receptor)"
"fe-cd","svfe-json-schemas-new/v2/fe-cd-v2.json","svfe-json-schemas-old/fe-cd-v1.json","receptor.direccion.complemento","agregado","campo","","tipo=string | requerido=si | descripcion=Dirección complemento (Receptor) | restricciones=minLength=1; maxLength=200","Dirección complemento (Receptor)"
"fe-cd","svfe-json-schemas-new/v2/fe-cd-v2.json","svfe-json-schemas-old/fe-cd-v1.json","receptor.direccion.departamento","agregado","campo","","tipo=string | requerido=si | descripcion=Dirección Departamento (Emisor)","Dirección Departamento (Emisor)"
"fe-cd","svfe-json-schemas-new/v2/fe-cd-v2.json","svfe-json-schemas-old/fe-cd-v1.json","receptor.direccion.distrito","agregado","campo","","tipo=string | requerido=si | descripcion=Dirección Distrito (Receptor)","Dirección Distrito (Receptor)"
"fe-cd","svfe-json-schemas-new/v2/fe-cd-v2.json","svfe-json-schemas-old/fe-cd-v1.json","receptor.direccion.municipio","agregado","campo","","tipo=string | requerido=si | descripcion=Dirección Municipio (Receptor)","Dirección Municipio (Receptor)"
"fe-cd","svfe-json-schemas-new/v2/fe-cd-v2.json","svfe-json-schemas-old/fe-cd-v1.json","receptor.nombre","agregado","campo","","tipo=string | requerido=si | descripcion=Nombre (Receptor) | restricciones=minLength=1; maxLength=250","Nombre (Receptor)"
"fe-cd","svfe-json-schemas-new/v2/fe-cd-v2.json","svfe-json-schemas-old/fe-cd-v1.json","receptor.nrc","agregado","campo","","tipo=string|null | requerido=si | descripcion=NRC (Receptor) | restricciones=minLength=2; maxLength=8","NRC (Receptor)"
"fe-cd","svfe-json-schemas-new/v2/fe-cd-v2.json","svfe-json-schemas-old/fe-cd-v1.json","receptor.numDocumento","agregado","campo","","tipo=string | requerido=si | descripcion=Número de documento de Identificación (Receptor) | restricciones=minLength=1; maxLength=20","Número de documento de Identificación (Receptor)"
"fe-cd","svfe-json-schemas-new/v2/fe-cd-v2.json","svfe-json-schemas-old/fe-cd-v1.json","receptor.telefono","agregado","campo","","tipo=null|string | requerido=si | descripcion=Teléfono (Receptor) | restricciones=minLength=8; maxLength=30","Teléfono (Receptor)"
"fe-cd","svfe-json-schemas-new/v2/fe-cd-v2.json","svfe-json-schemas-old/fe-cd-v1.json","receptor.tipoDocumento","agregado","campo","","tipo=string | requerido=si | descripcion=Tipo de documento de identificación (Receptor)","Tipo de documento de identificación (Receptor)"
"fe-cd","svfe-json-schemas-new/v2/fe-cd-v2.json","svfe-json-schemas-old/fe-cd-v1.json","resumen.pagos[].codigo","restriccion_modificada","pattern","^(0[1-9]||1[0-4]||99)$","","Código de forma de pago"
"fe-cd","svfe-json-schemas-new/v2/fe-cd-v2.json","svfe-json-schemas-old/fe-cd-v1.json","resumen.totalLetras","type_modificado","type","string","string|null","Valor en Letras"
"fe-cd","svfe-json-schemas-new/v2/fe-cd-v2.json","svfe-json-schemas-old/fe-cd-v1.json","resumen.totalLetras","description_modificado","description","Total en Letras","Valor en Letras","Valor en Letras"
"fe-cd","svfe-json-schemas-new/v2/fe-cd-v2.json","svfe-json-schemas-old/fe-cd-v1.json","resumen.totalLetras","restriccion_modificada","minLength","","1","Valor en Letras"
"fe-cl","svfe-json-schemas-new/v2/fe-cl-v2.json","svfe-json-schemas-old/fe-cl-v1.json","apendice[].campo","restriccion_modificada","minLength","","1","Nombre del campo"
"fe-cl","svfe-json-schemas-new/v2/fe-cl-v2.json","svfe-json-schemas-old/fe-cl-v1.json","apendice[].etiqueta","restriccion_modificada","minLength","","1","Descripción"
"fe-cl","svfe-json-schemas-new/v2/fe-cl-v2.json","svfe-json-schemas-old/fe-cl-v1.json","apendice[].valor","restriccion_modificada","minLength","","1","Valor/Dato"
"fe-cl","svfe-json-schemas-new/v2/fe-cl-v2.json","svfe-json-schemas-old/fe-cl-v1.json","cuerpoDocumento[].exportaciones","description_modificado","description","Ventas Gravadas","Exportaciones","Exportaciones"
"fe-cl","svfe-json-schemas-new/v2/fe-cl-v2.json","svfe-json-schemas-old/fe-cl-v1.json","cuerpoDocumento[].fechaEmision","agregado","campo","","tipo=string | requerido=si | descripcion=Fecha de generación del Documento relacionado | restricciones=format=date","Fecha de generación del Documento relacionado"
"fe-cl","svfe-json-schemas-new/v2/fe-cl-v2.json","svfe-json-schemas-old/fe-cl-v1.json","cuerpoDocumento[].fechaGeneracion","eliminado","campo","tipo=string | requerido=si | descripcion=Fecha de generación del  relacionado | restricciones=format=date","","Fecha de generación del  relacionado"
"fe-cl","svfe-json-schemas-new/v2/fe-cl-v2.json","svfe-json-schemas-old/fe-cl-v1.json","cuerpoDocumento[].obsItem","eliminado","campo","tipo=string | requerido=si | descripcion=Observaciones por ítem | restricciones=minLength=3; maxLength=3000","","Observaciones por ítem"
"fe-cl","svfe-json-schemas-new/v2/fe-cl-v2.json","svfe-json-schemas-old/fe-cl-v1.json","cuerpoDocumento[].observaciones","agregado","campo","","tipo=string|null | requerido=si | descripcion=Observaciones por ítem | restricciones=minLength=1; maxLength=1000","Observaciones por ítem"
"fe-cl","svfe-json-schemas-new/v2/fe-cl-v2.json","svfe-json-schemas-old/fe-cl-v1.json","cuerpoDocumento[].tipoDte","description_modificado","description","Tipo de ítem","Tipo de Documento Relacionado","Tipo de Documento Relacionado"
"fe-cl","svfe-json-schemas-new/v2/fe-cl-v2.json","svfe-json-schemas-old/fe-cl-v1.json","cuerpoDocumento[].tipoDte","restriccion_modificada","enum","[""01"",""03"",""05"",""06"",""11""]","","Tipo de Documento Relacionado"
"fe-cl","svfe-json-schemas-new/v2/fe-cl-v2.json","svfe-json-schemas-old/fe-cl-v1.json","cuerpoDocumento[].tipoGeneracion","description_modificado","description","Tipo de generación del documento","Tipo de generación del Documento relacionado","Tipo de generación del Documento relacionado"
"fe-cl","svfe-json-schemas-new/v2/fe-cl-v2.json","svfe-json-schemas-old/fe-cl-v1.json","cuerpoDocumento[].tipoGeneracion","restriccion_modificada","enum","[1,2]","","Tipo de generación del Documento relacionado"
"fe-cl","svfe-json-schemas-new/v2/fe-cl-v2.json","svfe-json-schemas-old/fe-cl-v1.json","cuerpoDocumento[].tributos","description_modificado","description","Tributo sujeto a cálculo de IVA","Código del tributo","Código del tributo"
"fe-cl","svfe-json-schemas-new/v2/fe-cl-v2.json","svfe-json-schemas-old/fe-cl-v1.json","cuerpoDocumento[].tributos[]","restriccion_modificada","enum","[null,""20"",""C3"",""59"",""71"",""D1"",""C8"",""D5"",""D4""]","",""
"fe-cl","svfe-json-schemas-new/v2/fe-cl-v2.json","svfe-json-schemas-old/fe-cl-v1.json","emisor.codActividad","restriccion_modificada","pattern","^[0-9]{2,6}$","","Código de Actividad Económica (Emisor)"
"fe-cl","svfe-json-schemas-new/v2/fe-cl-v2.json","svfe-json-schemas-old/fe-cl-v1.json","emisor.codEstableMH","eliminado","campo","tipo=string|null | requerido=si | descripcion=Código del establecimiento asignado por el MH | restricciones=minLength=4; maxLength=4","","Código del establecimiento asignado por el MH"
"fe-cl","svfe-json-schemas-new/v2/fe-cl-v2.json","svfe-json-schemas-old/fe-cl-v1.json","emisor.codPuntoVentaMH","eliminado","campo","tipo=string|null | requerido=si | descripcion=Código del Punto de Venta (Emisor) Asignado por el MH | restricciones=minLength=4; maxLength=4","","Código del Punto de Venta (Emisor) Asignado por el MH"
"fe-cl","svfe-json-schemas-new/v2/fe-cl-v2.json","svfe-json-schemas-old/fe-cl-v1.json","emisor.correo","restriccion_modificada","format","email","","Correo electrónico (Emisor)"
"fe-cl","svfe-json-schemas-new/v2/fe-cl-v2.json","svfe-json-schemas-old/fe-cl-v1.json","emisor.correo","restriccion_modificada","minLength","3","6","Correo electrónico (Emisor)"
"fe-cl","svfe-json-schemas-new/v2/fe-cl-v2.json","svfe-json-schemas-old/fe-cl-v1.json","emisor.direccion.departamento","restriccion_modificada","pattern","^0[1-9]|1[0-4]$","","Dirección Departamento (Emisor)"
"fe-cl","svfe-json-schemas-new/v2/fe-cl-v2.json","svfe-json-schemas-old/fe-cl-v1.json","emisor.direccion.distrito","agregado","campo","","tipo=string | requerido=si | descripcion=Dirección Distrito (Emisor)","Dirección Distrito (Emisor)"
"fe-cl","svfe-json-schemas-new/v2/fe-cl-v2.json","svfe-json-schemas-old/fe-cl-v1.json","emisor.direccion.municipio","restriccion_modificada","pattern","^[0-9]{2}$","","Dirección Municipio (Emisor)"
"fe-cl","svfe-json-schemas-new/v2/fe-cl-v2.json","svfe-json-schemas-old/fe-cl-v1.json","emisor.nit","restriccion_modificada","pattern","^([0-9]{14}|[0-9]{9})$","","NIT (Emisor)"
"fe-cl","svfe-json-schemas-new/v2/fe-cl-v2.json","svfe-json-schemas-old/fe-cl-v1.json","emisor.nit","restriccion_modificada","maxLength","14","","NIT (Emisor)"
"fe-cl","svfe-json-schemas-new/v2/fe-cl-v2.json","svfe-json-schemas-old/fe-cl-v1.json","emisor.nombre","description_modificado","description","Nombre, denominación o razón social del contribuyente (Emisor)","Nombre (Emisor)","Nombre (Emisor)"
"fe-cl","svfe-json-schemas-new/v2/fe-cl-v2.json","svfe-json-schemas-old/fe-cl-v1.json","emisor.nombreComercial","restriccion_modificada","minLength","","2","Nombre Comercial (Emisor)"
"fe-cl","svfe-json-schemas-new/v2/fe-cl-v2.json","svfe-json-schemas-old/fe-cl-v1.json","emisor.nrc","type_modificado","type","string","string|null","NRC (Emisor)"
"fe-cl","svfe-json-schemas-new/v2/fe-cl-v2.json","svfe-json-schemas-old/fe-cl-v1.json","emisor.nrc","restriccion_modificada","pattern","^[0-9]{1,8}$","","NRC (Emisor)"
"fe-cl","svfe-json-schemas-new/v2/fe-cl-v2.json","svfe-json-schemas-old/fe-cl-v1.json","emisor.telefono","type_modificado","type","string","string|null","Teléfono (Emisor)"
"fe-cl","svfe-json-schemas-new/v2/fe-cl-v2.json","svfe-json-schemas-old/fe-cl-v1.json","emisor.tipoEstablecimiento","eliminado","campo","tipo=string | requerido=si | descripcion=Tipo de establecimiento (Emisor) | restricciones=enum=[""01"",""02"",""04"",""07"",""20""]","","Tipo de establecimiento (Emisor)"
"fe-cl","svfe-json-schemas-new/v2/fe-cl-v2.json","svfe-json-schemas-old/fe-cl-v1.json","extension","eliminado","campo","tipo=object|null | requerido=si | descripcion=Extensión | restricciones=additionalProperties=false","","Extensión"
"fe-cl","svfe-json-schemas-new/v2/fe-cl-v2.json","svfe-json-schemas-old/fe-cl-v1.json","extension.docuEntrega","eliminado","campo","tipo=string|null | requerido=si | descripcion=Documento de identificación de quien genera el DTE | restricciones=minLength=5; maxLength=25","","Documento de identificación de quien genera el DTE"
"fe-cl","svfe-json-schemas-new/v2/fe-cl-v2.json","svfe-json-schemas-old/fe-cl-v1.json","extension.docuRecibe","eliminado","campo","tipo=string|null | requerido=si | descripcion=Documento de identificación del responsable de la operación por parte del receptor | restricciones=minLength=5; maxLength=25","","Documento de identificación del responsable de la operación por parte del receptor"
"fe-cl","svfe-json-schemas-new/v2/fe-cl-v2.json","svfe-json-schemas-old/fe-cl-v1.json","extension.nombEntrega","eliminado","campo","tipo=string|null | requerido=si | descripcion=Nombre del responsable que Genera el DTE | restricciones=minLength=5; maxLength=100","","Nombre del responsable que Genera el DTE"
"fe-cl","svfe-json-schemas-new/v2/fe-cl-v2.json","svfe-json-schemas-old/fe-cl-v1.json","extension.nombRecibe","eliminado","campo","tipo=string|null | requerido=si | descripcion=Nombre del responsable de la operación por parte del receptor | restricciones=minLength=5; maxLength=100","","Nombre del responsable de la operación por parte del receptor"
"fe-cl","svfe-json-schemas-new/v2/fe-cl-v2.json","svfe-json-schemas-old/fe-cl-v1.json","extension.observaciones","eliminado","campo","tipo=string|null | requerido=si | descripcion=Observaciones | restricciones=maxLength=3000","","Observaciones"
"fe-cl","svfe-json-schemas-new/v2/fe-cl-v2.json","svfe-json-schemas-old/fe-cl-v1.json","identificacion.fusion","agregado","campo","","tipo=string|null | requerido=si | descripcion=Fusiónes y otros | restricciones=pattern=^([0-9]{14}|[0-9]{9})$","Fusiónes y otros"
"fe-cl","svfe-json-schemas-new/v2/fe-cl-v2.json","svfe-json-schemas-old/fe-cl-v1.json","identificacion.numeroControl","restriccion_modificada","pattern","^DTE-08-[A-Z0-9]{8}-[0-9]{15}$","^DTE-08-(M|B|S|P)([0-9]{3})(P)([0-9]{3})-[0-9]{15}$","Número de Control"
"fe-cl","svfe-json-schemas-new/v2/fe-cl-v2.json","svfe-json-schemas-old/fe-cl-v1.json","identificacion.version","restriccion_modificada","const","1","2","Versión"
"fe-cl","svfe-json-schemas-new/v2/fe-cl-v2.json","svfe-json-schemas-old/fe-cl-v1.json","receptor.codActividad","restriccion_modificada","pattern","^[0-9]{2,6}$","","Código de Actividad Económica (Receptor)"
"fe-cl","svfe-json-schemas-new/v2/fe-cl-v2.json","svfe-json-schemas-old/fe-cl-v1.json","receptor.codDomiciliado","agregado","campo","","tipo=integer | requerido=si | descripcion=Domicilio Fiscal","Domicilio Fiscal"
"fe-cl","svfe-json-schemas-new/v2/fe-cl-v2.json","svfe-json-schemas-old/fe-cl-v1.json","receptor.correo","type_modificado","type","string","string|null","Correo electrónico (Receptor)"
"fe-cl","svfe-json-schemas-new/v2/fe-cl-v2.json","svfe-json-schemas-old/fe-cl-v1.json","receptor.correo","restriccion_modificada","format","email","","Correo electrónico (Receptor)"
"fe-cl","svfe-json-schemas-new/v2/fe-cl-v2.json","svfe-json-schemas-old/fe-cl-v1.json","receptor.correo","restriccion_modificada","minLength","","6","Correo electrónico (Receptor)"
"fe-cl","svfe-json-schemas-new/v2/fe-cl-v2.json","svfe-json-schemas-old/fe-cl-v1.json","receptor.direccion.complemento","restriccion_modificada","minLength","5","1","Dirección: complemento (Receptor)"
"fe-cl","svfe-json-schemas-new/v2/fe-cl-v2.json","svfe-json-schemas-old/fe-cl-v1.json","receptor.direccion.departamento","restriccion_modificada","pattern","^0[1-9]|1[0-4]$","","Dirección: Departamento (Receptor)"
"fe-cl","svfe-json-schemas-new/v2/fe-cl-v2.json","svfe-json-schemas-old/fe-cl-v1.json","receptor.direccion.distrito","agregado","campo","","tipo=string | requerido=si | descripcion=Dirección Distrito (Receptor)","Dirección Distrito (Receptor)"
"fe-cl","svfe-json-schemas-new/v2/fe-cl-v2.json","svfe-json-schemas-old/fe-cl-v1.json","receptor.direccion.municipio","restriccion_modificada","pattern","^[0-9]{2}$","","Dirección: Municipio (Receptor)"
"fe-cl","svfe-json-schemas-new/v2/fe-cl-v2.json","svfe-json-schemas-old/fe-cl-v1.json","receptor.nit","eliminado","campo","tipo=string | requerido=si | descripcion=NIT (Receptor) | restricciones=pattern=^([0-9]{14}|[0-9]{9})$","","NIT (Receptor)"
"fe-cl","svfe-json-schemas-new/v2/fe-cl-v2.json","svfe-json-schemas-old/fe-cl-v1.json","receptor.nombre","description_modificado","description","Nombre, denominación o razón social del contribuyente (Receptor)","Nombre (Receptor)","Nombre (Receptor)"
"fe-cl","svfe-json-schemas-new/v2/fe-cl-v2.json","svfe-json-schemas-old/fe-cl-v1.json","receptor.nombreComercial","restriccion_modificada","minLength","5","1","Nombre Comercial (Receptor)"
"fe-cl","svfe-json-schemas-new/v2/fe-cl-v2.json","svfe-json-schemas-old/fe-cl-v1.json","receptor.nrc","type_modificado","type","string","string|null","NRC (Receptor)"
"fe-cl","svfe-json-schemas-new/v2/fe-cl-v2.json","svfe-json-schemas-old/fe-cl-v1.json","receptor.nrc","restriccion_modificada","pattern","^[0-9]{1,8}$","","NRC (Receptor)"
"fe-cl","svfe-json-schemas-new/v2/fe-cl-v2.json","svfe-json-schemas-old/fe-cl-v1.json","receptor.numDocumento","agregado","campo","","tipo=string | requerido=si | descripcion=Número de documento de Identificación (Receptor) | restricciones=minLength=1; maxLength=20","Número de documento de Identificación (Receptor)"
"fe-cl","svfe-json-schemas-new/v2/fe-cl-v2.json","svfe-json-schemas-old/fe-cl-v1.json","receptor.tipoDocumento","agregado","campo","","tipo=string | requerido=si | descripcion=Tipo de documento de identificación (Receptor)","Tipo de documento de identificación (Receptor)"
"fe-cl","svfe-json-schemas-new/v2/fe-cl-v2.json","svfe-json-schemas-old/fe-cl-v1.json","resumen.condicionOperacion","restriccion_modificada","enum","[1,2,3]","","Condición de la Operación"
"fe-cl","svfe-json-schemas-new/v2/fe-cl-v2.json","svfe-json-schemas-old/fe-cl-v1.json","resumen.exportacion","agregado","campo","","tipo=number | requerido=si | descripcion=Total de Operaciones Exportación | restricciones=exclusiveMinimum=-100000000000; exclusiveMaximum=100000000000; multipleOf=0.01","Total de Operaciones Exportación"
"fe-cl","svfe-json-schemas-new/v2/fe-cl-v2.json","svfe-json-schemas-old/fe-cl-v1.json","resumen.ivaPerci","description_modificado","description","IVA Percibido liquidado","IVA Percibido","IVA Percibido"
"fe-cl","svfe-json-schemas-new/v2/fe-cl-v2.json","svfe-json-schemas-old/fe-cl-v1.json","resumen.observaciones","agregado","campo","","tipo=string|null | requerido=si | descripcion=Observaciones | restricciones=minLength=1; maxLength=3000","Observaciones"
"fe-cl","svfe-json-schemas-new/v2/fe-cl-v2.json","svfe-json-schemas-old/fe-cl-v1.json","resumen.subTotalVentas","description_modificado","description","Suma de operaciones sin impuestos","Suma de operaciones","Suma de operaciones"
"fe-cl","svfe-json-schemas-new/v2/fe-cl-v2.json","svfe-json-schemas-old/fe-cl-v1.json","resumen.total","description_modificado","description","Total a Pagar","Total","Total"
"fe-cl","svfe-json-schemas-new/v2/fe-cl-v2.json","svfe-json-schemas-old/fe-cl-v1.json","resumen.total","restriccion_modificada","minimum","","0","Total"
"fe-cl","svfe-json-schemas-new/v2/fe-cl-v2.json","svfe-json-schemas-old/fe-cl-v1.json","resumen.total","restriccion_modificada","exclusiveMinimum","-100000000000","","Total"
"fe-cl","svfe-json-schemas-new/v2/fe-cl-v2.json","svfe-json-schemas-old/fe-cl-v1.json","resumen.totalExportacion","eliminado","campo","tipo=number | requerido=si | descripcion=Total de Operaciones Exportación | restricciones=exclusiveMinimum=-100000000000; exclusiveMaximum=100000000000; multipleOf=0.01","","Total de Operaciones Exportación"
"fe-cl","svfe-json-schemas-new/v2/fe-cl-v2.json","svfe-json-schemas-old/fe-cl-v1.json","resumen.totalLetras","type_modificado","type","string","string|null","Valor en Letras"
"fe-cl","svfe-json-schemas-new/v2/fe-cl-v2.json","svfe-json-schemas-old/fe-cl-v1.json","resumen.totalLetras","description_modificado","description","Total en Letras","Valor en Letras","Valor en Letras"
"fe-cl","svfe-json-schemas-new/v2/fe-cl-v2.json","svfe-json-schemas-old/fe-cl-v1.json","resumen.totalLetras","restriccion_modificada","minLength","","1","Valor en Letras"
"fe-cl","svfe-json-schemas-new/v2/fe-cl-v2.json","svfe-json-schemas-old/fe-cl-v1.json","resumen.tributos[].codigo","restriccion_modificada","enum","[null,""20"",""C3"",""59"",""71"",""D1"",""C8"",""D5"",""D4""]","","Resumen Código de Tributo"
"fe-cl","svfe-json-schemas-new/v2/fe-cl-v2.json","svfe-json-schemas-old/fe-cl-v1.json","resumen.tributos[].descripcion","restriccion_modificada","minLength","2","1","Nombre del Tributo"
"fe-cr","svfe-json-schemas-new/v2/fe-cr-v2.json","svfe-json-schemas-old/fe-cr-v1.json","apendice[].campo","type_modificado","type","string","string|null","Nombre del campo"
"fe-cr","svfe-json-schemas-new/v2/fe-cr-v2.json","svfe-json-schemas-old/fe-cr-v1.json","apendice[].campo","restriccion_modificada","minLength","2","1","Nombre del campo"
"fe-cr","svfe-json-schemas-new/v2/fe-cr-v2.json","svfe-json-schemas-old/fe-cr-v1.json","apendice[].etiqueta","type_modificado","type","string","string|null","Descripción"
"fe-cr","svfe-json-schemas-new/v2/fe-cr-v2.json","svfe-json-schemas-old/fe-cr-v1.json","apendice[].etiqueta","restriccion_modificada","minLength","3","1","Descripción"
"fe-cr","svfe-json-schemas-new/v2/fe-cr-v2.json","svfe-json-schemas-old/fe-cr-v1.json","apendice[].valor","type_modificado","type","string","string|null","Valor/Dato"
"fe-cr","svfe-json-schemas-new/v2/fe-cr-v2.json","svfe-json-schemas-old/fe-cr-v1.json","cuerpoDocumento[].codigoRetencionMH","restriccion_modificada","enum","[""22"",""C4"",""C9""]","","Código retención MH"
"fe-cr","svfe-json-schemas-new/v2/fe-cr-v2.json","svfe-json-schemas-old/fe-cr-v1.json","cuerpoDocumento[].descripcion","type_modificado","type","string","string|null","Descripción"
"fe-cr","svfe-json-schemas-new/v2/fe-cr-v2.json","svfe-json-schemas-old/fe-cr-v1.json","cuerpoDocumento[].descripcion","restriccion_modificada","minLength","","1","Descripción"
"fe-cr","svfe-json-schemas-new/v2/fe-cr-v2.json","svfe-json-schemas-old/fe-cr-v1.json","cuerpoDocumento[].descripcion","restriccion_modificada","maxLength","1000","1500","Descripción"
"fe-cr","svfe-json-schemas-new/v2/fe-cr-v2.json","svfe-json-schemas-old/fe-cr-v1.json","cuerpoDocumento[].fechaEmision","type_modificado","type","string","null|string","Fecha de generación del documento relacionado"
"fe-cr","svfe-json-schemas-new/v2/fe-cr-v2.json","svfe-json-schemas-old/fe-cr-v1.json","cuerpoDocumento[].fechaEmision","description_modificado","description","Fecha de generación del  relacionado","Fecha de generación del documento relacionado","Fecha de generación del documento relacionado"
"fe-cr","svfe-json-schemas-new/v2/fe-cr-v2.json","svfe-json-schemas-old/fe-cr-v1.json","cuerpoDocumento[].ivaRetenido","restriccion_modificada","minimum","0.01","","IVA Retenido"
"fe-cr","svfe-json-schemas-new/v2/fe-cr-v2.json","svfe-json-schemas-old/fe-cr-v1.json","cuerpoDocumento[].ivaRetenido","restriccion_modificada","exclusiveMinimum","","0","IVA Retenido"
"fe-cr","svfe-json-schemas-new/v2/fe-cr-v2.json","svfe-json-schemas-old/fe-cr-v1.json","cuerpoDocumento[].montoSujetoGrav","restriccion_modificada","minimum","1","","Monto Sujeto a retención"
"fe-cr","svfe-json-schemas-new/v2/fe-cr-v2.json","svfe-json-schemas-old/fe-cr-v1.json","cuerpoDocumento[].montoSujetoGrav","restriccion_modificada","exclusiveMinimum","","0","Monto Sujeto a retención"
"fe-cr","svfe-json-schemas-new/v2/fe-cr-v2.json","svfe-json-schemas-old/fe-cr-v1.json","cuerpoDocumento[].numDocumento","type_modificado","type","string","null|string","Número de documento relacionado"
"fe-cr","svfe-json-schemas-new/v2/fe-cr-v2.json","svfe-json-schemas-old/fe-cr-v1.json","cuerpoDocumento[].tipoDoc","eliminado","campo","tipo=integer | requerido=si | descripcion=Tipo de generación del documento | restricciones=enum=[1,2]","","Tipo de generación del documento"
"fe-cr","svfe-json-schemas-new/v2/fe-cr-v2.json","svfe-json-schemas-old/fe-cr-v1.json","cuerpoDocumento[].tipoDte","type_modificado","type","string","null|string","Tipo de Documento Relacionado"
"fe-cr","svfe-json-schemas-new/v2/fe-cr-v2.json","svfe-json-schemas-old/fe-cr-v1.json","cuerpoDocumento[].tipoDte","description_modificado","description","Tipo de Documento Tributario Relacionado","Tipo de Documento Relacionado","Tipo de Documento Relacionado"
"fe-cr","svfe-json-schemas-new/v2/fe-cr-v2.json","svfe-json-schemas-old/fe-cr-v1.json","cuerpoDocumento[].tipoDte","restriccion_modificada","enum","[""14"",""03"",""01""]","","Tipo de Documento Relacionado"
"fe-cr","svfe-json-schemas-new/v2/fe-cr-v2.json","svfe-json-schemas-old/fe-cr-v1.json","cuerpoDocumento[].tipoGeneracion","agregado","campo","","tipo=null|integer | requerido=si | descripcion=Tipo de generación del documento relacionado","Tipo de generación del documento relacionado"
"fe-cr","svfe-json-schemas-new/v2/fe-cr-v2.json","svfe-json-schemas-old/fe-cr-v1.json","emisor.codActividad","restriccion_modificada","pattern","^[0-9]{5,6}$","","Código de Actividad Económica (Emisor)"
"fe-cr","svfe-json-schemas-new/v2/fe-cr-v2.json","svfe-json-schemas-old/fe-cr-v1.json","emisor.codEstable","agregado","campo","","tipo=string|null | requerido=si | descripcion=Código del establecimiento asignado por el contribuyente | restricciones=minLength=4; maxLength=4","Código del establecimiento asignado por el contribuyente"
"fe-cr","svfe-json-schemas-new/v2/fe-cr-v2.json","svfe-json-schemas-old/fe-cr-v1.json","emisor.codPuntoVenta","agregado","campo","","tipo=string|null | requerido=si | descripcion=Código del Punto de Venta (Emisor) asignado por el contribuyente | restricciones=minLength=1; maxLength=15","Código del Punto de Venta (Emisor) asignado por el contribuyente"
"fe-cr","svfe-json-schemas-new/v2/fe-cr-v2.json","svfe-json-schemas-old/fe-cr-v1.json","emisor.codigo","eliminado","campo","tipo=string|null | requerido=si | descripcion=Código del establecimiento asignado por el contribuyente | restricciones=minLength=4; maxLength=4","","Código del establecimiento asignado por el contribuyente"
"fe-cr","svfe-json-schemas-new/v2/fe-cr-v2.json","svfe-json-schemas-old/fe-cr-v1.json","emisor.codigoMH","eliminado","campo","tipo=string|null | requerido=si | descripcion=Código del establecimiento asignado por el MH | restricciones=minLength=4; maxLength=4","","Código del establecimiento asignado por el MH"
"fe-cr","svfe-json-schemas-new/v2/fe-cr-v2.json","svfe-json-schemas-old/fe-cr-v1.json","emisor.correo","restriccion_modificada","format","email","","Correo electrónico (Emisor)"
"fe-cr","svfe-json-schemas-new/v2/fe-cr-v2.json","svfe-json-schemas-old/fe-cr-v1.json","emisor.correo","restriccion_modificada","minLength","3","6","Correo electrónico (Emisor)"
"fe-cr","svfe-json-schemas-new/v2/fe-cr-v2.json","svfe-json-schemas-old/fe-cr-v1.json","emisor.direccion.complemento","restriccion_modificada","minLength","5","1","Dirección complemento (Emisor)"
"fe-cr","svfe-json-schemas-new/v2/fe-cr-v2.json","svfe-json-schemas-old/fe-cr-v1.json","emisor.direccion.departamento","restriccion_modificada","pattern","^0[1-9]|1[0-4]$","","Dirección Departamento (Emisor)"
"fe-cr","svfe-json-schemas-new/v2/fe-cr-v2.json","svfe-json-schemas-old/fe-cr-v1.json","emisor.direccion.distrito","agregado","campo","","tipo=string | requerido=si | descripcion=Dirección Distrito (Emisor)","Dirección Distrito (Emisor)"
"fe-cr","svfe-json-schemas-new/v2/fe-cr-v2.json","svfe-json-schemas-old/fe-cr-v1.json","emisor.direccion.municipio","restriccion_modificada","pattern","^[0-9]{2}$","","Dirección Municipio (Emisor)"
"fe-cr","svfe-json-schemas-new/v2/fe-cr-v2.json","svfe-json-schemas-old/fe-cr-v1.json","emisor.nit","restriccion_modificada","pattern","^([0-9]{14}|[0-9]{9})$","","NIT (Emisor)"
"fe-cr","svfe-json-schemas-new/v2/fe-cr-v2.json","svfe-json-schemas-old/fe-cr-v1.json","emisor.nombre","description_modificado","description","Nombre, denominación o razón social del contribuyente (Emisor)","Nombre (Emisor)","Nombre (Emisor)"
"fe-cr","svfe-json-schemas-new/v2/fe-cr-v2.json","svfe-json-schemas-old/fe-cr-v1.json","emisor.nrc","type_modificado","type","string","string|null","NRC (Emisor)"
"fe-cr","svfe-json-schemas-new/v2/fe-cr-v2.json","svfe-json-schemas-old/fe-cr-v1.json","emisor.nrc","restriccion_modificada","pattern","^[0-9]{1,8}$","","NRC (Emisor)"
"fe-cr","svfe-json-schemas-new/v2/fe-cr-v2.json","svfe-json-schemas-old/fe-cr-v1.json","emisor.nrc","restriccion_modificada","minLength","","2","NRC (Emisor)"
"fe-cr","svfe-json-schemas-new/v2/fe-cr-v2.json","svfe-json-schemas-old/fe-cr-v1.json","emisor.nrc","restriccion_modificada","maxLength","","8","NRC (Emisor)"
"fe-cr","svfe-json-schemas-new/v2/fe-cr-v2.json","svfe-json-schemas-old/fe-cr-v1.json","emisor.puntoVenta","eliminado","campo","tipo=string|null | requerido=si | descripcion=Código del Punto de Venta (Emisor) asignado por el contribuyente | restricciones=minLength=1; maxLength=15","","Código del Punto de Venta (Emisor) asignado por el contribuyente"
"fe-cr","svfe-json-schemas-new/v2/fe-cr-v2.json","svfe-json-schemas-old/fe-cr-v1.json","emisor.puntoVentaMH","eliminado","campo","tipo=string|null | requerido=si | descripcion=Código del Punto de Venta (Emisor) Asignado por el MH | restricciones=minLength=4; maxLength=4","","Código del Punto de Venta (Emisor) Asignado por el MH"
"fe-cr","svfe-json-schemas-new/v2/fe-cr-v2.json","svfe-json-schemas-old/fe-cr-v1.json","emisor.telefono","restriccion_modificada","pattern","^[A-Z0-9]{8,30}$","","Teléfono (Emisor)"
"fe-cr","svfe-json-schemas-new/v2/fe-cr-v2.json","svfe-json-schemas-old/fe-cr-v1.json","emisor.tipoEstablecimiento","eliminado","campo","tipo=string | requerido=si | descripcion=Tipo de establecimiento (Emisor) | restricciones=enum=[""01"",""02"",""04"",""20""]","","Tipo de establecimiento (Emisor)"
"fe-cr","svfe-json-schemas-new/v2/fe-cr-v2.json","svfe-json-schemas-old/fe-cr-v1.json","extension","eliminado","campo","tipo=object|null | requerido=si | descripcion=Extensión | restricciones=additionalProperties=false","","Extensión"
"fe-cr","svfe-json-schemas-new/v2/fe-cr-v2.json","svfe-json-schemas-old/fe-cr-v1.json","extension.docuEntrega","eliminado","campo","tipo=string|null | requerido=si | descripcion=Documento de identificación de quien genera el DTE | restricciones=minLength=5; maxLength=25","","Documento de identificación de quien genera el DTE"
"fe-cr","svfe-json-schemas-new/v2/fe-cr-v2.json","svfe-json-schemas-old/fe-cr-v1.json","extension.docuRecibe","eliminado","campo","tipo=string|null | requerido=si | descripcion=Documento de identificación del responsable de la operación por parte del receptor | restricciones=minLength=5; maxLength=25","","Documento de identificación del responsable de la operación por parte del receptor"
"fe-cr","svfe-json-schemas-new/v2/fe-cr-v2.json","svfe-json-schemas-old/fe-cr-v1.json","extension.nombEntrega","eliminado","campo","tipo=string|null | requerido=si | descripcion=Nombre del responsable que Genera el DTE | restricciones=minLength=5; maxLength=100","","Nombre del responsable que Genera el DTE"
"fe-cr","svfe-json-schemas-new/v2/fe-cr-v2.json","svfe-json-schemas-old/fe-cr-v1.json","extension.nombRecibe","eliminado","campo","tipo=string|null | requerido=si | descripcion=Nombre del responsable de la operación por parte del receptor | restricciones=minLength=5; maxLength=100","","Nombre del responsable de la operación por parte del receptor"
"fe-cr","svfe-json-schemas-new/v2/fe-cr-v2.json","svfe-json-schemas-old/fe-cr-v1.json","extension.observaciones","eliminado","campo","tipo=string|null | requerido=si | descripcion=Observaciones | restricciones=maxLength=3000","","Observaciones"
"fe-cr","svfe-json-schemas-new/v2/fe-cr-v2.json","svfe-json-schemas-old/fe-cr-v1.json","identificacion.fusion","agregado","campo","","tipo=string|null | requerido=no | descripcion=Fusiónes y otros","Fusiónes y otros"
"fe-cr","svfe-json-schemas-new/v2/fe-cr-v2.json","svfe-json-schemas-old/fe-cr-v1.json","identificacion.motivoContin","type_modificado","type","null","string|null","Motivo de Contingencia"
"fe-cr","svfe-json-schemas-new/v2/fe-cr-v2.json","svfe-json-schemas-old/fe-cr-v1.json","identificacion.numeroControl","restriccion_modificada","pattern","^DTE-07-[A-Z0-9]{8}-[0-9]{15}$","^DTE-07-(M|B|S|P)([0-9]{3})(P)([0-9]{3})-[0-9]{15}$","Número de Control"
"fe-cr","svfe-json-schemas-new/v2/fe-cr-v2.json","svfe-json-schemas-old/fe-cr-v1.json","identificacion.tipoContingencia","type_modificado","type","null","integer|null","Tipo de Contingencia"
"fe-cr","svfe-json-schemas-new/v2/fe-cr-v2.json","svfe-json-schemas-old/fe-cr-v1.json","identificacion.tipoModelo","restriccion_modificada","const","1","","Modelo de Facturación"
"fe-cr","svfe-json-schemas-new/v2/fe-cr-v2.json","svfe-json-schemas-old/fe-cr-v1.json","identificacion.tipoOperacion","restriccion_modificada","const","1","","Tipo de Transmisión"
"fe-cr","svfe-json-schemas-new/v2/fe-cr-v2.json","svfe-json-schemas-old/fe-cr-v1.json","identificacion.version","restriccion_modificada","const","1","2","Versión"
"fe-cr","svfe-json-schemas-new/v2/fe-cr-v2.json","svfe-json-schemas-old/fe-cr-v1.json","receptor.codActividad","restriccion_modificada","pattern","^[0-9]{5,6}$","","Código de Actividad Económica (Receptor)"
"fe-cr","svfe-json-schemas-new/v2/fe-cr-v2.json","svfe-json-schemas-old/fe-cr-v1.json","receptor.correo","type_modificado","type","string","string|null","Correo electrónico (Receptor)"
"fe-cr","svfe-json-schemas-new/v2/fe-cr-v2.json","svfe-json-schemas-old/fe-cr-v1.json","receptor.correo","restriccion_modificada","format","email","","Correo electrónico (Receptor)"
"fe-cr","svfe-json-schemas-new/v2/fe-cr-v2.json","svfe-json-schemas-old/fe-cr-v1.json","receptor.correo","restriccion_modificada","minLength","","6","Correo electrónico (Receptor)"
"fe-cr","svfe-json-schemas-new/v2/fe-cr-v2.json","svfe-json-schemas-old/fe-cr-v1.json","receptor.direccion.complemento","restriccion_modificada","minLength","5","1","Dirección: complemento (Receptor)"
"fe-cr","svfe-json-schemas-new/v2/fe-cr-v2.json","svfe-json-schemas-old/fe-cr-v1.json","receptor.direccion.departamento","restriccion_modificada","pattern","^0[1-9]|1[0-4]$","","Dirección: Departamento (Receptor)"
"fe-cr","svfe-json-schemas-new/v2/fe-cr-v2.json","svfe-json-schemas-old/fe-cr-v1.json","receptor.direccion.departamento","restriccion_modificada","minLength","2","","Dirección: Departamento (Receptor)"
"fe-cr","svfe-json-schemas-new/v2/fe-cr-v2.json","svfe-json-schemas-old/fe-cr-v1.json","receptor.direccion.departamento","restriccion_modificada","maxLength","2","","Dirección: Departamento (Receptor)"
"fe-cr","svfe-json-schemas-new/v2/fe-cr-v2.json","svfe-json-schemas-old/fe-cr-v1.json","receptor.direccion.distrito","agregado","campo","","tipo=string | requerido=si | descripcion=Dirección: Distrito (Receptor)","Dirección: Distrito (Receptor)"
"fe-cr","svfe-json-schemas-new/v2/fe-cr-v2.json","svfe-json-schemas-old/fe-cr-v1.json","receptor.direccion.municipio","restriccion_modificada","pattern","^[0-9]{2}$","","Dirección: Municipio (Receptor)"
"fe-cr","svfe-json-schemas-new/v2/fe-cr-v2.json","svfe-json-schemas-old/fe-cr-v1.json","receptor.nombre","description_modificado","description","Nombre, denominación o razón social del contribuyente (Receptor)","Nombre (Receptor)","Nombre (Receptor)"
"fe-cr","svfe-json-schemas-new/v2/fe-cr-v2.json","svfe-json-schemas-old/fe-cr-v1.json","receptor.nrc","restriccion_modificada","pattern","^[0-9]{1,8}$","","NRC (Receptor)"
"fe-cr","svfe-json-schemas-new/v2/fe-cr-v2.json","svfe-json-schemas-old/fe-cr-v1.json","receptor.numDocumento","restriccion_modificada","minLength","3","1","Número de documento de Identificación (Receptor)"
"fe-cr","svfe-json-schemas-new/v2/fe-cr-v2.json","svfe-json-schemas-old/fe-cr-v1.json","receptor.telefono","restriccion_modificada","pattern","^[0-9+;]{8,30}$","","Teléfono (Receptor)"
"fe-cr","svfe-json-schemas-new/v2/fe-cr-v2.json","svfe-json-schemas-old/fe-cr-v1.json","receptor.tipoDocumento","restriccion_modificada","enum","[""36"",""13"",""37"",""03"",""02""]","","Tipo de documento de identificación (Receptor)"
"fe-cr","svfe-json-schemas-new/v2/fe-cr-v2.json","svfe-json-schemas-old/fe-cr-v1.json","resumen.observaciones","agregado","campo","","tipo=string|null | requerido=si | descripcion=Observaciones | restricciones=minLength=1; maxLength=3000","Observaciones"
"fe-cr","svfe-json-schemas-new/v2/fe-cr-v2.json","svfe-json-schemas-old/fe-cr-v1.json","resumen.totalIVAretenido","eliminado","campo","tipo=number | requerido=si | descripcion=Total IVA Retenido | restricciones=minimum=0; exclusiveMaximum=100000000000; multipleOf=0.01","","Total IVA Retenido"
"fe-cr","svfe-json-schemas-new/v2/fe-cr-v2.json","svfe-json-schemas-old/fe-cr-v1.json","resumen.totalIVAretenidoLetras","eliminado","campo","tipo=string | requerido=si | descripcion=Valor en letras | restricciones=maxLength=200","","Valor en letras"
"fe-cr","svfe-json-schemas-new/v2/fe-cr-v2.json","svfe-json-schemas-old/fe-cr-v1.json","resumen.totalIva","agregado","campo","","tipo=number | requerido=si | descripcion=IVA 13% | restricciones=minimum=0; exclusiveMaximum=100000000000; multipleOf=0.01","IVA 13%"
"fe-cr","svfe-json-schemas-new/v2/fe-cr-v2.json","svfe-json-schemas-old/fe-cr-v1.json","resumen.totalIvaRetenido","agregado","campo","","tipo=number | requerido=si | descripcion=Total IVA Retenido | restricciones=exclusiveMinimum=0; exclusiveMaximum=100000000000; multipleOf=0.01","Total IVA Retenido"
"fe-cr","svfe-json-schemas-new/v2/fe-cr-v2.json","svfe-json-schemas-old/fe-cr-v1.json","resumen.totalLetras","agregado","campo","","tipo=null|string | requerido=si | descripcion=Valor en letras | restricciones=minLength=1; maxLength=200","Valor en letras"
"fe-cr","svfe-json-schemas-new/v2/fe-cr-v2.json","svfe-json-schemas-old/fe-cr-v1.json","resumen.totalSujetoRetencion","restriccion_modificada","minimum","0","","Total Monto Sujeto a retención"
"fe-cr","svfe-json-schemas-new/v2/fe-cr-v2.json","svfe-json-schemas-old/fe-cr-v1.json","resumen.totalSujetoRetencion","restriccion_modificada","exclusiveMinimum","","0","Total Monto Sujeto a retención"
"fe-dcl","svfe-json-schemas-new/v2/fe-dcl-v2.json","svfe-json-schemas-old/fe-dcl-v1.json","cuerpoDocumento.cantidadDoc","restriccion_modificada","exclusiveMaximum","100000000000","1000000000","Cantidad de Documentos"
"fe-dcl","svfe-json-schemas-new/v2/fe-dcl-v2.json","svfe-json-schemas-old/fe-dcl-v1.json","cuerpoDocumento.cantidadDoc","restriccion_modificada","multipleOf","1","","Cantidad de Documentos"
"fe-dcl","svfe-json-schemas-new/v2/fe-dcl-v2.json","svfe-json-schemas-old/fe-dcl-v1.json","cuerpoDocumento.iva","restriccion_modificada","multipleOf","1e-8","0.01","IVA de las Operaciones a liquidar"
"fe-dcl","svfe-json-schemas-new/v2/fe-dcl-v2.json","svfe-json-schemas-old/fe-dcl-v1.json","cuerpoDocumento.montoSinPercepcion","type_modificado","type","number","number|null","Valores no sujetos a percepción"
"fe-dcl","svfe-json-schemas-new/v2/fe-dcl-v2.json","svfe-json-schemas-old/fe-dcl-v1.json","cuerpoDocumento.observaciones","restriccion_modificada","minLength","","1","Observaciones por ítems"
"fe-dcl","svfe-json-schemas-new/v2/fe-dcl-v2.json","svfe-json-schemas-old/fe-dcl-v1.json","cuerpoDocumento.observaciones","restriccion_modificada","maxLength","200","1000","Observaciones por ítems"
"fe-dcl","svfe-json-schemas-new/v2/fe-dcl-v2.json","svfe-json-schemas-old/fe-dcl-v1.json","cuerpoDocumento.periodoLiquidacionFechaFin","restriccion_modificada","minLength","1","","Fecha fin del período de Liquidación"
"fe-dcl","svfe-json-schemas-new/v2/fe-dcl-v2.json","svfe-json-schemas-old/fe-dcl-v1.json","cuerpoDocumento.periodoLiquidacionFechaFin","restriccion_modificada","maxLength","200","","Fecha fin del período de Liquidación"
"fe-dcl","svfe-json-schemas-new/v2/fe-dcl-v2.json","svfe-json-schemas-old/fe-dcl-v1.json","cuerpoDocumento.periodoLiquidacionFechaInicio","restriccion_modificada","minLength","1","","Fecha inicio del período de Liquidación"
"fe-dcl","svfe-json-schemas-new/v2/fe-dcl-v2.json","svfe-json-schemas-old/fe-dcl-v1.json","cuerpoDocumento.periodoLiquidacionFechaInicio","restriccion_modificada","maxLength","200","","Fecha inicio del período de Liquidación"
"fe-dcl","svfe-json-schemas-new/v2/fe-dcl-v2.json","svfe-json-schemas-old/fe-dcl-v1.json","cuerpoDocumento.porcentComision","type_modificado","type","string|null","number","Porcentaje de Comisión"
"fe-dcl","svfe-json-schemas-new/v2/fe-dcl-v2.json","svfe-json-schemas-old/fe-dcl-v1.json","cuerpoDocumento.porcentComision","restriccion_modificada","minLength","1","","Porcentaje de Comisión"
"fe-dcl","svfe-json-schemas-new/v2/fe-dcl-v2.json","svfe-json-schemas-old/fe-dcl-v1.json","cuerpoDocumento.porcentComision","restriccion_modificada","maxLength","100","","Porcentaje de Comisión"
"fe-dcl","svfe-json-schemas-new/v2/fe-dcl-v2.json","svfe-json-schemas-old/fe-dcl-v1.json","cuerpoDocumento.porcentComision","restriccion_modificada","minimum","","0","Porcentaje de Comisión"
"fe-dcl","svfe-json-schemas-new/v2/fe-dcl-v2.json","svfe-json-schemas-old/fe-dcl-v1.json","cuerpoDocumento.porcentComision","restriccion_modificada","maximum","","100","Porcentaje de Comisión"
"fe-dcl","svfe-json-schemas-new/v2/fe-dcl-v2.json","svfe-json-schemas-old/fe-dcl-v1.json","cuerpoDocumento.porcentComision","restriccion_modificada","multipleOf","","0.01","Porcentaje de Comisión"
"fe-dcl","svfe-json-schemas-new/v2/fe-dcl-v2.json","svfe-json-schemas-old/fe-dcl-v1.json","cuerpoDocumento.totalLetras","restriccion_modificada","minLength","8","1","Valor en Letras"
"fe-dcl","svfe-json-schemas-new/v2/fe-dcl-v2.json","svfe-json-schemas-old/fe-dcl-v1.json","emisor.codActividad","restriccion_modificada","pattern","^[0-9]{2,6}$","","Código de Actividad Económica (Emisor)"
"fe-dcl","svfe-json-schemas-new/v2/fe-dcl-v2.json","svfe-json-schemas-old/fe-dcl-v1.json","emisor.codigo","description_modificado","description","Codigo del establecimiento donde se genera el DTE ","Codigo del establecimiento asignado por el contribuyente ","Codigo del establecimiento asignado por el contribuyente "
"fe-dcl","svfe-json-schemas-new/v2/fe-dcl-v2.json","svfe-json-schemas-old/fe-dcl-v1.json","emisor.codigoMH","eliminado","campo","tipo=string|null | requerido=si | descripcion=Codigo del establecimiento donde se genera el DTE | restricciones=minLength=4; maxLength=4","","Codigo del establecimiento donde se genera el DTE"
"fe-dcl","svfe-json-schemas-new/v2/fe-dcl-v2.json","svfe-json-schemas-old/fe-dcl-v1.json","emisor.correo","restriccion_modificada","format","email","","Correo electrónico (Emisor)"
"fe-dcl","svfe-json-schemas-new/v2/fe-dcl-v2.json","svfe-json-schemas-old/fe-dcl-v1.json","emisor.correo","restriccion_modificada","minLength","3","6","Correo electrónico (Emisor)"
"fe-dcl","svfe-json-schemas-new/v2/fe-dcl-v2.json","svfe-json-schemas-old/fe-dcl-v1.json","emisor.direccion.complemento","restriccion_modificada","minLength","5","1","Dirección complemento (Emisor)"
"fe-dcl","svfe-json-schemas-new/v2/fe-dcl-v2.json","svfe-json-schemas-old/fe-dcl-v1.json","emisor.direccion.departamento","restriccion_modificada","pattern","^0[1-9]|1[0-4]$","","Dirección Departamento (Emisor)"
"fe-dcl","svfe-json-schemas-new/v2/fe-dcl-v2.json","svfe-json-schemas-old/fe-dcl-v1.json","emisor.direccion.distrito","agregado","campo","","tipo=string | requerido=si | descripcion=Dirección Distrito (Emisor)","Dirección Distrito (Emisor)"
"fe-dcl","svfe-json-schemas-new/v2/fe-dcl-v2.json","svfe-json-schemas-old/fe-dcl-v1.json","emisor.direccion.municipio","restriccion_modificada","pattern","^[0-9]{2}$","","Dirección Municipio (Emisor)"
"fe-dcl","svfe-json-schemas-new/v2/fe-dcl-v2.json","svfe-json-schemas-old/fe-dcl-v1.json","emisor.nit","restriccion_modificada","pattern","^([0-9]{14}|[0-9]{9})$","","NIT (Emisor)"
"fe-dcl","svfe-json-schemas-new/v2/fe-dcl-v2.json","svfe-json-schemas-old/fe-dcl-v1.json","emisor.nombre","description_modificado","description","Nombre, denominación o razón social del contribuyente (Emisor)","Nombre (Emisor)","Nombre (Emisor)"
"fe-dcl","svfe-json-schemas-new/v2/fe-dcl-v2.json","svfe-json-schemas-old/fe-dcl-v1.json","emisor.nombre","restriccion_modificada","minLength","3","1","Nombre (Emisor)"
"fe-dcl","svfe-json-schemas-new/v2/fe-dcl-v2.json","svfe-json-schemas-old/fe-dcl-v1.json","emisor.nombre","restriccion_modificada","maxLength","200","250","Nombre (Emisor)"
"fe-dcl","svfe-json-schemas-new/v2/fe-dcl-v2.json","svfe-json-schemas-old/fe-dcl-v1.json","emisor.nombreComercial","restriccion_modificada","minLength","5","1","Nombre Comercial (Emisor)"
"fe-dcl","svfe-json-schemas-new/v2/fe-dcl-v2.json","svfe-json-schemas-old/fe-dcl-v1.json","emisor.nrc","restriccion_modificada","pattern","^[0-9]{1,8}$","","NRC (Emisor)"
"fe-dcl","svfe-json-schemas-new/v2/fe-dcl-v2.json","svfe-json-schemas-old/fe-dcl-v1.json","emisor.nrc","restriccion_modificada","minLength","","2","NRC (Emisor)"
"fe-dcl","svfe-json-schemas-new/v2/fe-dcl-v2.json","svfe-json-schemas-old/fe-dcl-v1.json","emisor.nrc","restriccion_modificada","maxLength","","8","NRC (Emisor)"
"fe-dcl","svfe-json-schemas-new/v2/fe-dcl-v2.json","svfe-json-schemas-old/fe-dcl-v1.json","emisor.puntoVenta","agregado","campo","","tipo=string|null | requerido=si | descripcion=Codigo del punto de venta:(Emisor) asignado por el contribuyente | restricciones=minLength=1; maxLength=15","Codigo del punto de venta:(Emisor) asignado por el contribuyente"
"fe-dcl","svfe-json-schemas-new/v2/fe-dcl-v2.json","svfe-json-schemas-old/fe-dcl-v1.json","emisor.puntoVentaContri","eliminado","campo","tipo=string|null | requerido=si | descripcion=Codigo del punto de venta donde se genera el DTE que el contribuyente emisor maneja internamente | restricciones=minLength=1; maxLength=15","","Codigo del punto de venta donde se genera el DTE que el contribuyente emisor maneja internamente"
"fe-dcl","svfe-json-schemas-new/v2/fe-dcl-v2.json","svfe-json-schemas-old/fe-dcl-v1.json","emisor.puntoVentaMH","eliminado","campo","tipo=string|null | requerido=si | descripcion=Codigo de Identificacion del  Punto de Venta (Emisor) Asignado por el  MH | restricciones=minLength=4; maxLength=4","","Codigo de Identificacion del  Punto de Venta (Emisor) Asignado por el  MH"
"fe-dcl","svfe-json-schemas-new/v2/fe-dcl-v2.json","svfe-json-schemas-old/fe-dcl-v1.json","emisor.telefono","restriccion_modificada","pattern","^[0-9+;]{8,8}$","","Teléfono (Emisor)"
"fe-dcl","svfe-json-schemas-new/v2/fe-dcl-v2.json","svfe-json-schemas-old/fe-dcl-v1.json","emisor.telefono","restriccion_modificada","maxLength","8","30","Teléfono (Emisor)"
"fe-dcl","svfe-json-schemas-new/v2/fe-dcl-v2.json","svfe-json-schemas-old/fe-dcl-v1.json","emisor.tipoEstablecimiento","eliminado","campo","tipo=string | requerido=si | descripcion=Tipo de establecimiento (Emisor) | restricciones=enum=[""01"",""02"",""04"",""07"",""20""]","","Tipo de establecimiento (Emisor)"
"fe-dcl","svfe-json-schemas-new/v2/fe-dcl-v2.json","svfe-json-schemas-old/fe-dcl-v1.json","extension.docuEntrega","restriccion_modificada","minLength","5","1","Documento de identificación de quien genera el DTE"
"fe-dcl","svfe-json-schemas-new/v2/fe-dcl-v2.json","svfe-json-schemas-old/fe-dcl-v1.json","extension.nombEntrega","restriccion_modificada","minLength","5","1","Nombre del responsable que Genera el DTE"
"fe-dcl","svfe-json-schemas-new/v2/fe-dcl-v2.json","svfe-json-schemas-old/fe-dcl-v1.json","identificacion.numeroControl","restriccion_modificada","pattern","^DTE-09-[A-Z0-9]{8}-[0-9]{15}$","^DTE-09-(M|B|S|P)([0-9]{3})(P)([0-9]{3})-[0-9]{15}","Número de Control"
"fe-dcl","svfe-json-schemas-new/v2/fe-dcl-v2.json","svfe-json-schemas-old/fe-dcl-v1.json","identificacion.version","restriccion_modificada","const","1","2","Versión"
"fe-dcl","svfe-json-schemas-new/v2/fe-dcl-v2.json","svfe-json-schemas-old/fe-dcl-v1.json","receptor.codActividad","restriccion_modificada","pattern","^[0-9]{2,6}$","","Código de Actividad Económica (Receptor)"
"fe-dcl","svfe-json-schemas-new/v2/fe-dcl-v2.json","svfe-json-schemas-old/fe-dcl-v1.json","receptor.codigoMH","eliminado","campo","tipo=string|null | requerido=si | descripcion=Código del establecimiento asignado por el MH | restricciones=minLength=4; maxLength=4","","Código del establecimiento asignado por el MH"
"fe-dcl","svfe-json-schemas-new/v2/fe-dcl-v2.json","svfe-json-schemas-old/fe-dcl-v1.json","receptor.correo","restriccion_modificada","format","email","","Correo electrónico (Receptor)"
"fe-dcl","svfe-json-schemas-new/v2/fe-dcl-v2.json","svfe-json-schemas-old/fe-dcl-v1.json","receptor.correo","restriccion_modificada","minLength","","6","Correo electrónico (Receptor)"
"fe-dcl","svfe-json-schemas-new/v2/fe-dcl-v2.json","svfe-json-schemas-old/fe-dcl-v1.json","receptor.descActividad","description_modificado","description","Actividad Económica (Receptor)","Act. Económica (Receptor)","Act. Económica (Receptor)"
"fe-dcl","svfe-json-schemas-new/v2/fe-dcl-v2.json","svfe-json-schemas-old/fe-dcl-v1.json","receptor.direccion","type_modificado","type","object","object|null","Dirección (Emisor)"
"fe-dcl","svfe-json-schemas-new/v2/fe-dcl-v2.json","svfe-json-schemas-old/fe-dcl-v1.json","receptor.direccion","description_modificado","description","Dirección (Receptor)","Dirección (Emisor)","Dirección (Emisor)"
"fe-dcl","svfe-json-schemas-new/v2/fe-dcl-v2.json","svfe-json-schemas-old/fe-dcl-v1.json","receptor.direccion.complemento","restriccion_modificada","minLength","5","1","Dirección: complemento (Receptor)"
"fe-dcl","svfe-json-schemas-new/v2/fe-dcl-v2.json","svfe-json-schemas-old/fe-dcl-v1.json","receptor.direccion.departamento","restriccion_modificada","pattern","^0[1-9]|1[0-4]$","","Dirección: Departamento (Receptor)"
"fe-dcl","svfe-json-schemas-new/v2/fe-dcl-v2.json","svfe-json-schemas-old/fe-dcl-v1.json","receptor.direccion.distrito","agregado","campo","","tipo=string | requerido=si | descripcion=Dirección Distrito (Emisor)","Dirección Distrito (Emisor)"
"fe-dcl","svfe-json-schemas-new/v2/fe-dcl-v2.json","svfe-json-schemas-old/fe-dcl-v1.json","receptor.direccion.municipio","restriccion_modificada","pattern","^[0-9]{2}$","","Dirección: Municipio (Receptor)"
"fe-dcl","svfe-json-schemas-new/v2/fe-dcl-v2.json","svfe-json-schemas-old/fe-dcl-v1.json","receptor.nit","restriccion_modificada","pattern","^([0-9]{14}|[0-9]{9})$","","NIT (Receptor)"
"fe-dcl","svfe-json-schemas-new/v2/fe-dcl-v2.json","svfe-json-schemas-old/fe-dcl-v1.json","receptor.nombre","description_modificado","description","Nombre, denominación o razón social del contribuyente (Receptor)","Nombre (Receptor)","Nombre (Receptor)"
"fe-dcl","svfe-json-schemas-new/v2/fe-dcl-v2.json","svfe-json-schemas-old/fe-dcl-v1.json","receptor.nombreComercial","restriccion_modificada","minLength","5","1","Nombre Comercial (Receptor)"
"fe-dcl","svfe-json-schemas-new/v2/fe-dcl-v2.json","svfe-json-schemas-old/fe-dcl-v1.json","receptor.nrc","type_modificado","type","string","string|null","NRC (Receptor)"
"fe-dcl","svfe-json-schemas-new/v2/fe-dcl-v2.json","svfe-json-schemas-old/fe-dcl-v1.json","receptor.nrc","restriccion_modificada","pattern","^[0-9]{1,8}$","","NRC (Receptor)"
"fe-dcl","svfe-json-schemas-new/v2/fe-dcl-v2.json","svfe-json-schemas-old/fe-dcl-v1.json","receptor.puntoVentaMH","eliminado","campo","tipo=string|null | requerido=si | descripcion=Código del Punto de Venta asignado por el MH | restricciones=minLength=4; maxLength=4","","Código del Punto de Venta asignado por el MH"
"fe-dcl","svfe-json-schemas-new/v2/fe-dcl-v2.json","svfe-json-schemas-old/fe-dcl-v1.json","receptor.telefono","restriccion_modificada","pattern","^[0-9+;]{8,8}$","","Teléfono (Receptor)"
"fe-dcl","svfe-json-schemas-new/v2/fe-dcl-v2.json","svfe-json-schemas-old/fe-dcl-v1.json","receptor.telefono","restriccion_modificada","maxLength","8","30","Teléfono (Receptor)"
"fe-dcl","svfe-json-schemas-new/v2/fe-dcl-v2.json","svfe-json-schemas-old/fe-dcl-v1.json","receptor.tipoEstablecimiento","restriccion_modificada","enum","[""01"",""02"",""04"",""07"",""20""]","","Tipo de establecimiento (Receptor)"
"fe-f","svfe-json-schemas-new/v2/fe-f-v2.json","svfe-json-schemas-old/fe-fc-v1.json","cuerpoDocumento[].codTributo","restriccion_modificada","enum","[null,""A8"",""57"",""90"",""D4"",""D5"",""25"",""A6""]","","Tributo sujeto a cálculo de IVA"
"fe-f","svfe-json-schemas-new/v2/fe-f-v2.json","svfe-json-schemas-old/fe-fc-v1.json","cuerpoDocumento[].descripcion","restriccion_modificada","minLength","","1","Descripción"
"fe-f","svfe-json-schemas-new/v2/fe-f-v2.json","svfe-json-schemas-old/fe-fc-v1.json","cuerpoDocumento[].descripcion","restriccion_modificada","maxLength","1000","1500","Descripción"
"fe-f","svfe-json-schemas-new/v2/fe-f-v2.json","svfe-json-schemas-old/fe-fc-v1.json","cuerpoDocumento[].montoDescu","description_modificado","description","Descuento, Bonificación, Rebajas por ítem","Descuento por ítem","Descuento por ítem"
"fe-f","svfe-json-schemas-new/v2/fe-f-v2.json","svfe-json-schemas-old/fe-fc-v1.json","cuerpoDocumento[].tipoItem","restriccion_modificada","enum","[1,2,3,4]","","Tipo de ítem"
"fe-f","svfe-json-schemas-new/v2/fe-f-v2.json","svfe-json-schemas-old/fe-fc-v1.json","documentoRelacionado","restriccion_modificada","maxItems","10","50","Documentos Relacionados"
"fe-f","svfe-json-schemas-new/v2/fe-f-v2.json","svfe-json-schemas-old/fe-fc-v1.json","documentoRelacionado[].tipoDocumento","description_modificado","description","Tipo de Documento Tributario Relacionado","Tipo de Documento Relacionado","Tipo de Documento Relacionado"
"fe-f","svfe-json-schemas-new/v2/fe-f-v2.json","svfe-json-schemas-old/fe-fc-v1.json","documentoRelacionado[].tipoDocumento","restriccion_modificada","enum","[""04"",""09""]","","Tipo de Documento Relacionado"
"fe-f","svfe-json-schemas-new/v2/fe-f-v2.json","svfe-json-schemas-old/fe-fc-v1.json","documentoRelacionado[].tipoGeneracion","description_modificado","description","Tipo de Generación del Documento Tributario relacionado","Tipo de Generación del Documento Relacionado","Tipo de Generación del Documento Relacionado"
"fe-f","svfe-json-schemas-new/v2/fe-f-v2.json","svfe-json-schemas-old/fe-fc-v1.json","documentoRelacionado[].tipoGeneracion","restriccion_modificada","enum","[1,2]","","Tipo de Generación del Documento Relacionado"
"fe-f","svfe-json-schemas-new/v2/fe-f-v2.json","svfe-json-schemas-old/fe-fc-v1.json","emisor.codActividad","restriccion_modificada","pattern","^[0-9]{2,6}$","","Código de Actividad Económica (Emisor)"
"fe-f","svfe-json-schemas-new/v2/fe-f-v2.json","svfe-json-schemas-old/fe-fc-v1.json","emisor.codEstableMH","eliminado","campo","tipo=string|null | requerido=si | descripcion=Código del establecimiento asignado por el MH | restricciones=minLength=4; maxLength=4","","Código del establecimiento asignado por el MH"
"fe-f","svfe-json-schemas-new/v2/fe-f-v2.json","svfe-json-schemas-old/fe-fc-v1.json","emisor.codPuntoVentaMH","eliminado","campo","tipo=string|null | requerido=si | descripcion=Código del Punto de Venta (Emisor) asignado por el MH | restricciones=minLength=4; maxLength=4","","Código del Punto de Venta (Emisor) asignado por el MH"
"fe-f","svfe-json-schemas-new/v2/fe-f-v2.json","svfe-json-schemas-old/fe-fc-v1.json","emisor.correo","restriccion_modificada","format","email","","Correo electrónico (Emisor)"
"fe-f","svfe-json-schemas-new/v2/fe-f-v2.json","svfe-json-schemas-old/fe-fc-v1.json","emisor.correo","restriccion_modificada","minLength","3","6","Correo electrónico (Emisor)"
"fe-f","svfe-json-schemas-new/v2/fe-f-v2.json","svfe-json-schemas-old/fe-fc-v1.json","emisor.direccion.departamento","restriccion_modificada","pattern","^0[1-9]|1[0-4]$","","Dirección Departamento (Emisor)"
"fe-f","svfe-json-schemas-new/v2/fe-f-v2.json","svfe-json-schemas-old/fe-fc-v1.json","emisor.direccion.distrito","agregado","campo","","tipo=string | requerido=si | descripcion=Dirección Distrito (Emisor)","Dirección Distrito (Emisor)"
"fe-f","svfe-json-schemas-new/v2/fe-f-v2.json","svfe-json-schemas-old/fe-fc-v1.json","emisor.direccion.municipio","restriccion_modificada","pattern","^[0-9]{2}$","","Dirección Municipio (Emisor)"
"fe-f","svfe-json-schemas-new/v2/fe-f-v2.json","svfe-json-schemas-old/fe-fc-v1.json","emisor.nit","restriccion_modificada","pattern","^([0-9]{14}|[0-9]{9})$","","NIT (Emisor)"
"fe-f","svfe-json-schemas-new/v2/fe-f-v2.json","svfe-json-schemas-old/fe-fc-v1.json","emisor.nombre","description_modificado","description","Nombre, denominación o razón social del contribuyente (Emisor)","Nombre (Emisor)","Nombre (Emisor)"
"fe-f","svfe-json-schemas-new/v2/fe-f-v2.json","svfe-json-schemas-old/fe-fc-v1.json","emisor.nombreComercial","restriccion_modificada","minLength","5","1","Nombre Comercial (Emisor)"
"fe-f","svfe-json-schemas-new/v2/fe-f-v2.json","svfe-json-schemas-old/fe-fc-v1.json","emisor.nrc","restriccion_modificada","pattern","^[0-9]{1,8}$","","NRC (Emisor)"
"fe-f","svfe-json-schemas-new/v2/fe-f-v2.json","svfe-json-schemas-old/fe-fc-v1.json","emisor.tipoEstablecimiento","eliminado","campo","tipo=string | requerido=si | descripcion=Tipo de establecimiento (Emisor) | restricciones=enum=[""01"",""02"",""04"",""07"",""20""]","","Tipo de establecimiento (Emisor)"
"fe-f","svfe-json-schemas-new/v2/fe-f-v2.json","svfe-json-schemas-old/fe-fc-v1.json","extension","eliminado","campo","tipo=object|null | requerido=si | descripcion=Extensión | restricciones=additionalProperties=false","","Extensión"
"fe-f","svfe-json-schemas-new/v2/fe-f-v2.json","svfe-json-schemas-old/fe-fc-v1.json","extension.docuEntrega","eliminado","campo","tipo=string|null | requerido=si | descripcion=Documento de identificación de quien genera el DTE | restricciones=minLength=5; maxLength=25","","Documento de identificación de quien genera el DTE"
"fe-f","svfe-json-schemas-new/v2/fe-f-v2.json","svfe-json-schemas-old/fe-fc-v1.json","extension.docuRecibe","eliminado","campo","tipo=string|null | requerido=si | descripcion=Documento de identificación del responsable de la operación por parte del receptor | restricciones=minLength=5; maxLength=25","","Documento de identificación del responsable de la operación por parte del receptor"
"fe-f","svfe-json-schemas-new/v2/fe-f-v2.json","svfe-json-schemas-old/fe-fc-v1.json","extension.nombEntrega","eliminado","campo","tipo=string|null | requerido=si | descripcion=Nombre del responsable que Genera el DTE | restricciones=minLength=5; maxLength=100","","Nombre del responsable que Genera el DTE"
"fe-f","svfe-json-schemas-new/v2/fe-f-v2.json","svfe-json-schemas-old/fe-fc-v1.json","extension.nombRecibe","eliminado","campo","tipo=string|null | requerido=si | descripcion=Nombre del responsable de la operación por parte del receptor | restricciones=minLength=5; maxLength=100","","Nombre del responsable de la operación por parte del receptor"
"fe-f","svfe-json-schemas-new/v2/fe-f-v2.json","svfe-json-schemas-old/fe-fc-v1.json","extension.observaciones","eliminado","campo","tipo=string|null | requerido=si | descripcion=Observaciones | restricciones=maxLength=3000","","Observaciones"
"fe-f","svfe-json-schemas-new/v2/fe-f-v2.json","svfe-json-schemas-old/fe-fc-v1.json","extension.placaVehiculo","eliminado","campo","tipo=string|null | requerido=si | descripcion=Placa de vehículo | restricciones=maxLength=10","","Placa de vehículo"
"fe-f","svfe-json-schemas-new/v2/fe-f-v2.json","svfe-json-schemas-old/fe-fc-v1.json","identificacion.motivoContin","restriccion_modificada","minLength","5","1","Motivo de Contingencia"
"fe-f","svfe-json-schemas-new/v2/fe-f-v2.json","svfe-json-schemas-old/fe-fc-v1.json","identificacion.motivoContin","restriccion_modificada","maxLength","150","500","Motivo de Contingencia"
"fe-f","svfe-json-schemas-new/v2/fe-f-v2.json","svfe-json-schemas-old/fe-fc-v1.json","identificacion.numeroControl","restriccion_modificada","pattern","^DTE-01-[A-Z0-9]{8}-[0-9]{15}$","^DTE-01-(M|B|S|P)([0-9]{3})(P)([0-9]{3})-[0-9]{15}","Número de Control"
"fe-f","svfe-json-schemas-new/v2/fe-f-v2.json","svfe-json-schemas-old/fe-fc-v1.json","identificacion.version","restriccion_modificada","const","1","2","Versión"
"fe-f","svfe-json-schemas-new/v2/fe-f-v2.json","svfe-json-schemas-old/fe-fc-v1.json","otrosDocumentos[].codDocAsociado","type_modificado","type","integer","integer|null","Documento asociado"
"fe-f","svfe-json-schemas-new/v2/fe-f-v2.json","svfe-json-schemas-old/fe-fc-v1.json","otrosDocumentos[].descDocumento","restriccion_modificada","minimum","","3","Identificación del documento asociado"
"fe-f","svfe-json-schemas-new/v2/fe-f-v2.json","svfe-json-schemas-old/fe-fc-v1.json","otrosDocumentos[].detalleDocumento","restriccion_modificada","minimum","","3","Descripción de documento asociado"
"fe-f","svfe-json-schemas-new/v2/fe-f-v2.json","svfe-json-schemas-old/fe-fc-v1.json","otrosDocumentos[].medico.docIdentificacion","restriccion_modificada","minLength","2","1","Documento de identificación de médico no domiciliados"
"fe-f","svfe-json-schemas-new/v2/fe-f-v2.json","svfe-json-schemas-old/fe-fc-v1.json","otrosDocumentos[].medico.nit","restriccion_modificada","pattern","^([0-9]{14}|[0-9]{9})$","","NIT de médico que presta el Servicio"
"fe-f","svfe-json-schemas-new/v2/fe-f-v2.json","svfe-json-schemas-old/fe-fc-v1.json","otrosDocumentos[].medico.nombre","type_modificado","type","string","string|null","Nombre de médico que presta el Servicio"
"fe-f","svfe-json-schemas-new/v2/fe-f-v2.json","svfe-json-schemas-old/fe-fc-v1.json","otrosDocumentos[].medico.nombre","restriccion_modificada","minimum","","1","Nombre de médico que presta el Servicio"
"fe-f","svfe-json-schemas-new/v2/fe-f-v2.json","svfe-json-schemas-old/fe-fc-v1.json","otrosDocumentos[].medico.tipoServicio","type_modificado","type","number","number|null","Código del Servicio realizado"
"fe-f","svfe-json-schemas-new/v2/fe-f-v2.json","svfe-json-schemas-old/fe-fc-v1.json","receptor.codActividad","restriccion_modificada","pattern","^[0-9]{2,6}$","","Código de Actividad Económica (Receptor)"
"fe-f","svfe-json-schemas-new/v2/fe-f-v2.json","svfe-json-schemas-old/fe-fc-v1.json","receptor.correo","restriccion_modificada","format","email","","Correo electrónico (Receptor)"
"fe-f","svfe-json-schemas-new/v2/fe-f-v2.json","svfe-json-schemas-old/fe-fc-v1.json","receptor.correo","restriccion_modificada","minLength","","6","Correo electrónico (Receptor)"
"fe-f","svfe-json-schemas-new/v2/fe-f-v2.json","svfe-json-schemas-old/fe-fc-v1.json","receptor.direccion.complemento","restriccion_modificada","minLength","5","1","Dirección: complemento (Receptor)"
"fe-f","svfe-json-schemas-new/v2/fe-f-v2.json","svfe-json-schemas-old/fe-fc-v1.json","receptor.direccion.departamento","restriccion_modificada","pattern","^0[1-9]|1[0-4]$","","Dirección: Departamento (Receptor)"
"fe-f","svfe-json-schemas-new/v2/fe-f-v2.json","svfe-json-schemas-old/fe-fc-v1.json","receptor.direccion.distrito","agregado","campo","","tipo=string | requerido=si | descripcion=Dirección Distrito (Receptor)","Dirección Distrito (Receptor)"
"fe-f","svfe-json-schemas-new/v2/fe-f-v2.json","svfe-json-schemas-old/fe-fc-v1.json","receptor.direccion.municipio","restriccion_modificada","pattern","^[0-9]{2}$","","Dirección: Municipio (Receptor)"
"fe-f","svfe-json-schemas-new/v2/fe-f-v2.json","svfe-json-schemas-old/fe-fc-v1.json","receptor.nombre","description_modificado","description","Nombre, denominación o razón social del contribuyente (Receptor)","Nombre (Receptor)","Nombre (Receptor)"
"fe-f","svfe-json-schemas-new/v2/fe-f-v2.json","svfe-json-schemas-old/fe-fc-v1.json","receptor.nrc","restriccion_modificada","pattern","^[0-9]{1,8}$","","NRC (Receptor)"
"fe-f","svfe-json-schemas-new/v2/fe-f-v2.json","svfe-json-schemas-old/fe-fc-v1.json","receptor.numDocumento","restriccion_modificada","minLength","3","1","Número de documento de Identificación (Receptor)"
"fe-f","svfe-json-schemas-new/v2/fe-f-v2.json","svfe-json-schemas-old/fe-fc-v1.json","receptor.tipoDocumento","restriccion_modificada","enum","[null,""36"",""13"",""02"",""03"",""37""]","","Tipo de documento de identificación (Receptor)"
"fe-f","svfe-json-schemas-new/v2/fe-f-v2.json","svfe-json-schemas-old/fe-fc-v1.json","resumen.condicionOperacion","restriccion_modificada","enum","[1,2,3]","","Condición de la Operación"
"fe-f","svfe-json-schemas-new/v2/fe-f-v2.json","svfe-json-schemas-old/fe-fc-v1.json","resumen.descuExenta","description_modificado","description","Monto global de Descuento, Bonificación, Rebajas y otros a ventas exentas","Descuento global a ventas exentas","Descuento global a ventas exentas"
"fe-f","svfe-json-schemas-new/v2/fe-f-v2.json","svfe-json-schemas-old/fe-fc-v1.json","resumen.descuGravada","description_modificado","description","Monto global de Descuento, Bonificación, Rebajas y otros a ventas gravadas","Descuento global a ventas gravadas","Descuento global a ventas gravadas"
"fe-f","svfe-json-schemas-new/v2/fe-f-v2.json","svfe-json-schemas-old/fe-fc-v1.json","resumen.descuNoSuj","description_modificado","description","Monto global de Descuento, Bonificación, Rebajas y otros a ventas no sujetas","Descuento global a ventas no sujetas","Descuento global a ventas no sujetas"
"fe-f","svfe-json-schemas-new/v2/fe-f-v2.json","svfe-json-schemas-old/fe-fc-v1.json","resumen.ivaRete","agregado","campo","","tipo=number | requerido=si | descripcion=IVA Retenido | restricciones=minimum=0; exclusiveMaximum=100000000000; multipleOf=0.01","IVA Retenido"
"fe-f","svfe-json-schemas-new/v2/fe-f-v2.json","svfe-json-schemas-old/fe-fc-v1.json","resumen.ivaRete1","eliminado","campo","tipo=number | requerido=si | descripcion=IVA Retenido | restricciones=minimum=0; exclusiveMaximum=100000000000; multipleOf=0.01","","IVA Retenido"
"fe-f","svfe-json-schemas-new/v2/fe-f-v2.json","svfe-json-schemas-old/fe-fc-v1.json","resumen.observaciones","agregado","campo","","tipo=string|null | requerido=si | descripcion=Observaciones | restricciones=minLength=1; maxLength=3000","Observaciones"
"fe-f","svfe-json-schemas-new/v2/fe-f-v2.json","svfe-json-schemas-old/fe-fc-v1.json","resumen.pagos[].codigo","type_modificado","type","string","string|null","Código de forma de pago"
"fe-f","svfe-json-schemas-new/v2/fe-f-v2.json","svfe-json-schemas-old/fe-fc-v1.json","resumen.pagos[].codigo","restriccion_modificada","pattern","^(0[1-9]||1[0-4]||99)$","","Código de forma de pago"
"fe-f","svfe-json-schemas-new/v2/fe-f-v2.json","svfe-json-schemas-old/fe-fc-v1.json","resumen.pagos[].periodo","restriccion_modificada","exclusiveMinimum","","0","Período de plazo"
"fe-f","svfe-json-schemas-new/v2/fe-f-v2.json","svfe-json-schemas-old/fe-fc-v1.json","resumen.pagos[].plazo","restriccion_modificada","pattern","^0[1-3]$","","Plazo"
"fe-f","svfe-json-schemas-new/v2/fe-f-v2.json","svfe-json-schemas-old/fe-fc-v1.json","resumen.porcentajeDescuento","description_modificado","description","Porcentaje del monto global de Descuento, Bonificación, Rebajas y otros","Porcentaje de Descuento","Porcentaje de Descuento"
"fe-f","svfe-json-schemas-new/v2/fe-f-v2.json","svfe-json-schemas-old/fe-fc-v1.json","resumen.reteRenta","eliminado","campo","tipo=number | requerido=si | descripcion=Retención Renta | restricciones=minimum=0; exclusiveMaximum=100000000000; multipleOf=0.01","","Retención Renta"
"fe-f","svfe-json-schemas-new/v2/fe-f-v2.json","svfe-json-schemas-old/fe-fc-v1.json","resumen.saldoFavor","restriccion_modificada","exclusiveMinimum","","-100000000000","Saldo a Favor"
"fe-f","svfe-json-schemas-new/v2/fe-f-v2.json","svfe-json-schemas-old/fe-fc-v1.json","resumen.saldoFavor","restriccion_modificada","exclusiveMaximum","100000000000","","Saldo a Favor"
"fe-f","svfe-json-schemas-new/v2/fe-f-v2.json","svfe-json-schemas-old/fe-fc-v1.json","resumen.subTotalVentas","description_modificado","description","Suma de operaciones sin impuestos","Suma de operaciones","Suma de operaciones"
"fe-f","svfe-json-schemas-new/v2/fe-f-v2.json","svfe-json-schemas-old/fe-fc-v1.json","resumen.totalDescu","description_modificado","description","Total del monto de Descuento, Bonificación, Rebajas","Total de Descuentos","Total de Descuentos"
"fe-f","svfe-json-schemas-new/v2/fe-f-v2.json","svfe-json-schemas-old/fe-fc-v1.json","resumen.totalLetras","type_modificado","type","string","string|null","Valor en Condicion de la Operacion"
"fe-f","svfe-json-schemas-new/v2/fe-f-v2.json","svfe-json-schemas-old/fe-fc-v1.json","resumen.totalLetras","description_modificado","description","Valor en Letras","Valor en Condicion de la Operacion","Valor en Condicion de la Operacion"
"fe-f","svfe-json-schemas-new/v2/fe-f-v2.json","svfe-json-schemas-old/fe-fc-v1.json","resumen.totalLetras","restriccion_modificada","minLength","","1","Valor en Condicion de la Operacion"
"fe-f","svfe-json-schemas-new/v2/fe-f-v2.json","svfe-json-schemas-old/fe-fc-v1.json","resumen.tributos[].codigo","restriccion_modificada","enum","[""C3"",""59"",""71"",""D1"",""C8"",""C5"",""C6"",""C7"",""D5"",""19"",""28"",""31"",""32"",""33"",""34"",""35"",""36"",""37"",""38"",""39"",""42"",""43"",""44"",""50"",""51"",""52"",""53"",""54"",""55"",""58"",""77"",""78"",""79"",""85"",""86"",""91"",""92"",""A1"",""A5"",""A7"",""A9""]","","Resumen Código de Tributo"
"fe-f","svfe-json-schemas-new/v2/fe-f-v2.json","svfe-json-schemas-old/fe-fc-v1.json","resumen.tributos[].descripcion","restriccion_modificada","minLength","2","1","Nombre del Tributo"
"fe-f","svfe-json-schemas-new/v2/fe-f-v2.json","svfe-json-schemas-old/fe-fc-v1.json","resumen.tributos[].descripcion","restriccion_modificada","maxLength","150","300","Nombre del Tributo"
"fe-f","svfe-json-schemas-new/v2/fe-f-v2.json","svfe-json-schemas-old/fe-fc-v1.json","ventaTercero.codDomiciliado","agregado","campo","","tipo=integer|null | requerido=si | descripcion=Domicilio Fiscal","Domicilio Fiscal"
"fe-f","svfe-json-schemas-new/v2/fe-f-v2.json","svfe-json-schemas-old/fe-fc-v1.json","ventaTercero.nit","type_modificado","type","string","string|null","NIT por cuenta de Terceros"
"fe-f","svfe-json-schemas-new/v2/fe-f-v2.json","svfe-json-schemas-old/fe-fc-v1.json","ventaTercero.nit","restriccion_modificada","pattern","^([0-9]{14}|[0-9]{9})$","","NIT por cuenta de Terceros"
"fe-f","svfe-json-schemas-new/v2/fe-f-v2.json","svfe-json-schemas-old/fe-fc-v1.json","ventaTercero.nit","restriccion_modificada","minLength","","1","NIT por cuenta de Terceros"
"fe-f","svfe-json-schemas-new/v2/fe-f-v2.json","svfe-json-schemas-old/fe-fc-v1.json","ventaTercero.nit","restriccion_modificada","maxLength","","20","NIT por cuenta de Terceros"
"fe-f","svfe-json-schemas-new/v2/fe-f-v2.json","svfe-json-schemas-old/fe-fc-v1.json","ventaTercero.nombre","description_modificado","description","Nombre, denominación o razón social del Tercero","Nombre del Tercero","Nombre del Tercero"
"fe-fex","svfe-json-schemas-new/v3/fe-fex-v3.json","svfe-json-schemas-old/fe-fex-v1.json","apendice","description_modificado","description","Apéndice","Sección Apéndice","Sección Apéndice"
"fe-fex","svfe-json-schemas-new/v3/fe-fex-v3.json","svfe-json-schemas-old/fe-fex-v1.json","apendice[].campo","restriccion_modificada","minLength","","1","Nombre del campo"
"fe-fex","svfe-json-schemas-new/v3/fe-fex-v3.json","svfe-json-schemas-old/fe-fex-v1.json","apendice[].etiqueta","restriccion_modificada","minLength","","1","Descripción"
"fe-fex","svfe-json-schemas-new/v3/fe-fex-v3.json","svfe-json-schemas-old/fe-fex-v1.json","apendice[].valor","restriccion_modificada","minLength","","1","Valor/Dato"
"fe-fex","svfe-json-schemas-new/v3/fe-fex-v3.json","svfe-json-schemas-old/fe-fex-v1.json","compraTercero","agregado","campo","","tipo=object|null | requerido=si | descripcion=Compras por cuenta de terceros | restricciones=additionalProperties=false","Compras por cuenta de terceros"
"fe-fex","svfe-json-schemas-new/v3/fe-fex-v3.json","svfe-json-schemas-old/fe-fex-v1.json","compraTercero.nombre","agregado","campo","","tipo=string | requerido=si | descripcion=Nombre del Tercero | restricciones=minLength=1; maxLength=250","Nombre del Tercero"
"fe-fex","svfe-json-schemas-new/v3/fe-fex-v3.json","svfe-json-schemas-old/fe-fex-v1.json","compraTercero.numDocumento","agregado","campo","","tipo=string | requerido=si | descripcion=Número de documento de Identificación del Tercero | restricciones=minLength=1; maxLength=20","Número de documento de Identificación del Tercero"
"fe-fex","svfe-json-schemas-new/v3/fe-fex-v3.json","svfe-json-schemas-old/fe-fex-v1.json","cuerpoDocumento[].codTributo","agregado","campo","","tipo=string|null | requerido=si | descripcion=Tributo sujeto a cálculo de IVA | restricciones=minLength=2; maxLength=2","Tributo sujeto a cálculo de IVA"
"fe-fex","svfe-json-schemas-new/v3/fe-fex-v3.json","svfe-json-schemas-old/fe-fex-v1.json","cuerpoDocumento[].codigo","restriccion_modificada","maxLength","200","25","Código"
"fe-fex","svfe-json-schemas-new/v3/fe-fex-v3.json","svfe-json-schemas-old/fe-fex-v1.json","cuerpoDocumento[].descripcion","restriccion_modificada","minLength","","1","Descripción"
"fe-fex","svfe-json-schemas-new/v3/fe-fex-v3.json","svfe-json-schemas-old/fe-fex-v1.json","cuerpoDocumento[].descripcion","restriccion_modificada","maxLength","1000","1500","Descripción"
"fe-fex","svfe-json-schemas-new/v3/fe-fex-v3.json","svfe-json-schemas-old/fe-fex-v1.json","cuerpoDocumento[].montoDescu","description_modificado","description","Descuento, Bonificación, Rebajas por ítem","Descuento por ítem","Descuento por ítem"
"fe-fex","svfe-json-schemas-new/v3/fe-fex-v3.json","svfe-json-schemas-old/fe-fex-v1.json","cuerpoDocumento[].noGravado","description_modificado","description","Cargos / Abonos que no afectan la base imponible","Cargos/Abonos que no afectan la base imponible","Cargos/Abonos que no afectan la base imponible"
"fe-fex","svfe-json-schemas-new/v3/fe-fex-v3.json","svfe-json-schemas-old/fe-fex-v1.json","cuerpoDocumento[].numeroDocumento","agregado","campo","","tipo=string|null | requerido=si | descripcion=Número de Documento Relacionado | restricciones=minimum=1; maximum=36","Número de Documento Relacionado"
"fe-fex","svfe-json-schemas-new/v3/fe-fex-v3.json","svfe-json-schemas-old/fe-fex-v1.json","cuerpoDocumento[].precioUni","restriccion_modificada","minimum","","0","Precio Unitario"
"fe-fex","svfe-json-schemas-new/v3/fe-fex-v3.json","svfe-json-schemas-old/fe-fex-v1.json","cuerpoDocumento[].tipoItem","agregado","campo","","tipo=integer | requerido=si | descripcion=Tipo de ítem","Tipo de ítem"
"fe-fex","svfe-json-schemas-new/v3/fe-fex-v3.json","svfe-json-schemas-old/fe-fex-v1.json","documentoRelacionado","agregado","campo","","tipo=array|null | requerido=si | descripcion=Documentos Relacionados | restricciones=minItems=1; maxItems=50","Documentos Relacionados"
"fe-fex","svfe-json-schemas-new/v3/fe-fex-v3.json","svfe-json-schemas-old/fe-fex-v1.json","documentoRelacionado[]","agregado","campo","","tipo=object | requerido=si | restricciones=additionalProperties=false",""
"fe-fex","svfe-json-schemas-new/v3/fe-fex-v3.json","svfe-json-schemas-old/fe-fex-v1.json","documentoRelacionado[].fechaEmision","agregado","campo","","tipo=string | requerido=si | descripcion=Fecha de Generación del Documento Relacionado | restricciones=format=date","Fecha de Generación del Documento Relacionado"
"fe-fex","svfe-json-schemas-new/v3/fe-fex-v3.json","svfe-json-schemas-old/fe-fex-v1.json","documentoRelacionado[].numeroDocumento","agregado","campo","","tipo=string | requerido=si | descripcion=Número de documento relacionado | restricciones=minLength=1; maxLength=36","Número de documento relacionado"
"fe-fex","svfe-json-schemas-new/v3/fe-fex-v3.json","svfe-json-schemas-old/fe-fex-v1.json","documentoRelacionado[].tipoDocumento","agregado","campo","","tipo=string | requerido=si | descripcion=Tipo de Documento Relacionado","Tipo de Documento Relacionado"
"fe-fex","svfe-json-schemas-new/v3/fe-fex-v3.json","svfe-json-schemas-old/fe-fex-v1.json","documentoRelacionado[].tipoGeneracion","agregado","campo","","tipo=integer | requerido=si | descripcion=Tipo de Generación del Documento relacionado","Tipo de Generación del Documento relacionado"
"fe-fex","svfe-json-schemas-new/v3/fe-fex-v3.json","svfe-json-schemas-old/fe-fex-v1.json","emisor.codActividad","restriccion_modificada","pattern","^[0-9]{2,6}$","","Código de Actividad Económica (Emisor)"
"fe-fex","svfe-json-schemas-new/v3/fe-fex-v3.json","svfe-json-schemas-old/fe-fex-v1.json","emisor.codEstableMH","eliminado","campo","tipo=string|null | requerido=si | descripcion=Código del establecimiento asignado por el MH | restricciones=minLength=4; maxLength=4","","Código del establecimiento asignado por el MH"
"fe-fex","svfe-json-schemas-new/v3/fe-fex-v3.json","svfe-json-schemas-old/fe-fex-v1.json","emisor.codPuntoVentaMH","eliminado","campo","tipo=string|null | requerido=si | descripcion=Código del Punto de Venta (Emisor) Asignado por el MH | restricciones=minLength=4; maxLength=4","","Código del Punto de Venta (Emisor) Asignado por el MH"
"fe-fex","svfe-json-schemas-new/v3/fe-fex-v3.json","svfe-json-schemas-old/fe-fex-v1.json","emisor.correo","restriccion_modificada","format","email","","Correo electrónico (Emisor)"
"fe-fex","svfe-json-schemas-new/v3/fe-fex-v3.json","svfe-json-schemas-old/fe-fex-v1.json","emisor.correo","restriccion_modificada","minLength","3","6","Correo electrónico (Emisor)"
"fe-fex","svfe-json-schemas-new/v3/fe-fex-v3.json","svfe-json-schemas-old/fe-fex-v1.json","emisor.descActividad","restriccion_modificada","minLength","5","1","Actividad Económica (Emisor)"
"fe-fex","svfe-json-schemas-new/v3/fe-fex-v3.json","svfe-json-schemas-old/fe-fex-v1.json","emisor.direccion.departamento","restriccion_modificada","pattern","^0[1-9]|1[0-4]$","","Dirección Departamento (Emisor)"
"fe-fex","svfe-json-schemas-new/v3/fe-fex-v3.json","svfe-json-schemas-old/fe-fex-v1.json","emisor.direccion.departamento","restriccion_modificada","minLength","","1","Dirección Departamento (Emisor)"
"fe-fex","svfe-json-schemas-new/v3/fe-fex-v3.json","svfe-json-schemas-old/fe-fex-v1.json","emisor.direccion.departamento","restriccion_modificada","maxLength","","2","Dirección Departamento (Emisor)"
"fe-fex","svfe-json-schemas-new/v3/fe-fex-v3.json","svfe-json-schemas-old/fe-fex-v1.json","emisor.direccion.distrito","agregado","campo","","tipo=string | requerido=si | descripcion=Dirección Distrito (Emisor)","Dirección Distrito (Emisor)"
"fe-fex","svfe-json-schemas-new/v3/fe-fex-v3.json","svfe-json-schemas-old/fe-fex-v1.json","emisor.direccion.municipio","restriccion_modificada","pattern","^[0-9]{2}$","","Dirección Municipio (Emisor)"
"fe-fex","svfe-json-schemas-new/v3/fe-fex-v3.json","svfe-json-schemas-old/fe-fex-v1.json","emisor.direccion.municipio","restriccion_modificada","minLength","","1","Dirección Municipio (Emisor)"
"fe-fex","svfe-json-schemas-new/v3/fe-fex-v3.json","svfe-json-schemas-old/fe-fex-v1.json","emisor.direccion.municipio","restriccion_modificada","maxLength","","2","Dirección Municipio (Emisor)"
"fe-fex","svfe-json-schemas-new/v3/fe-fex-v3.json","svfe-json-schemas-old/fe-fex-v1.json","emisor.nit","restriccion_modificada","pattern","^([0-9]{14}|[0-9]{9})$","","NIT (Emisor)"
"fe-fex","svfe-json-schemas-new/v3/fe-fex-v3.json","svfe-json-schemas-old/fe-fex-v1.json","emisor.nit","restriccion_modificada","maxLength","14","","NIT (Emisor)"
"fe-fex","svfe-json-schemas-new/v3/fe-fex-v3.json","svfe-json-schemas-old/fe-fex-v1.json","emisor.nombre","description_modificado","description","Nombre, denominación o razón social del contribuyente (Emisor)","Nombre (Emisor)","Nombre (Emisor)"
"fe-fex","svfe-json-schemas-new/v3/fe-fex-v3.json","svfe-json-schemas-old/fe-fex-v1.json","emisor.nombreComercial","restriccion_modificada","minLength","5","1","Nombre Comercial (Emisor)"
"fe-fex","svfe-json-schemas-new/v3/fe-fex-v3.json","svfe-json-schemas-old/fe-fex-v1.json","emisor.nrc","restriccion_modificada","pattern","^[0-9]{1,8}$","","NRC (Emisor)"
"fe-fex","svfe-json-schemas-new/v3/fe-fex-v3.json","svfe-json-schemas-old/fe-fex-v1.json","emisor.regimen","restriccion_modificada","minLength","","1","Régimen de exportación"
"fe-fex","svfe-json-schemas-new/v3/fe-fex-v3.json","svfe-json-schemas-old/fe-fex-v1.json","emisor.regimen","restriccion_modificada","maxLength","","13","Régimen de exportación"
"fe-fex","svfe-json-schemas-new/v3/fe-fex-v3.json","svfe-json-schemas-old/fe-fex-v1.json","emisor.regimen","restriccion_modificada","maximum","13","","Régimen de exportación"
"fe-fex","svfe-json-schemas-new/v3/fe-fex-v3.json","svfe-json-schemas-old/fe-fex-v1.json","emisor.telefono","type_modificado","type","string","string|null","Teléfono (Emisor)"
"fe-fex","svfe-json-schemas-new/v3/fe-fex-v3.json","svfe-json-schemas-old/fe-fex-v1.json","emisor.tipoEstablecimiento","eliminado","campo","tipo=string | requerido=si | descripcion=Tipo de establecimiento (Emisor) | restricciones=enum=[""01"",""02"",""04"",""07"",""20""]","","Tipo de establecimiento (Emisor)"
"fe-fex","svfe-json-schemas-new/v3/fe-fex-v3.json","svfe-json-schemas-old/fe-fex-v1.json","emisor.tipoItemExpor","description_modificado","description","Tipo de ítem","Tipo de exportación","Tipo de exportación"
"fe-fex","svfe-json-schemas-new/v3/fe-fex-v3.json","svfe-json-schemas-old/fe-fex-v1.json","emisor.tipoItemExpor","restriccion_modificada","enum","[1,2,3]","","Tipo de exportación"
"fe-fex","svfe-json-schemas-new/v3/fe-fex-v3.json","svfe-json-schemas-old/fe-fex-v1.json","emisor.tipoRegimen","agregado","campo","","tipo=string|null | requerido=si | descripcion=Tipo Régimen","Tipo Régimen"
"fe-fex","svfe-json-schemas-new/v3/fe-fex-v3.json","svfe-json-schemas-old/fe-fex-v1.json","identificacion.motivoContigencia","eliminado","campo","tipo=string|null | requerido=si | descripcion=Motivo de Contingencia | restricciones=minLength=1; maxLength=500","","Motivo de Contingencia"
"fe-fex","svfe-json-schemas-new/v3/fe-fex-v3.json","svfe-json-schemas-old/fe-fex-v1.json","identificacion.motivoContin","agregado","campo","","tipo=string|null | requerido=si | descripcion=Motivo de Contingencia | restricciones=minLength=1; maxLength=500","Motivo de Contingencia"
"fe-fex","svfe-json-schemas-new/v3/fe-fex-v3.json","svfe-json-schemas-old/fe-fex-v1.json","identificacion.numeroControl","restriccion_modificada","pattern","^DTE-11-[A-Z0-9]{8}-[0-9]{15}$","^DTE-11-(M|B|S|P)([0-9]{3})(P)([0-9]{3})-[0-9]{15}$","Número de Control"
"fe-fex","svfe-json-schemas-new/v3/fe-fex-v3.json","svfe-json-schemas-old/fe-fex-v1.json","identificacion.version","restriccion_modificada","const","1","3","Versión"
"fe-fex","svfe-json-schemas-new/v3/fe-fex-v3.json","svfe-json-schemas-old/fe-fex-v1.json","otrosDocumentos[].codDocAsociado","type_modificado","type","integer","integer|null","Documento asociado"
"fe-fex","svfe-json-schemas-new/v3/fe-fex-v3.json","svfe-json-schemas-old/fe-fex-v1.json","otrosDocumentos[].codDocAsociado","restriccion_modificada","enum","[1,2,3,4]","","Documento asociado"
"fe-fex","svfe-json-schemas-new/v3/fe-fex-v3.json","svfe-json-schemas-old/fe-fex-v1.json","otrosDocumentos[].descDocumento","restriccion_modificada","minLength","","3","Identificación del documento asociado"
"fe-fex","svfe-json-schemas-new/v3/fe-fex-v3.json","svfe-json-schemas-old/fe-fex-v1.json","otrosDocumentos[].detalleDocumento","restriccion_modificada","minLength","","3","Descripción de documento asociado"
"fe-fex","svfe-json-schemas-new/v3/fe-fex-v3.json","svfe-json-schemas-old/fe-fex-v1.json","otrosDocumentos[].modoTransp","restriccion_modificada","enum","[null,1,2,3,4,5,6,7]","","Modo de transporte"
"fe-fex","svfe-json-schemas-new/v3/fe-fex-v3.json","svfe-json-schemas-old/fe-fex-v1.json","otrosDocumentos[].modoTransp","restriccion_modificada","maximum","4","7","Modo de transporte"
"fe-fex","svfe-json-schemas-new/v3/fe-fex-v3.json","svfe-json-schemas-old/fe-fex-v1.json","otrosDocumentos[].numConductor","description_modificado","description","N documento de identificación del Conductor","Numero de documento de identificación del Conductor","Numero de documento de identificación del Conductor"
"fe-fex","svfe-json-schemas-new/v3/fe-fex-v3.json","svfe-json-schemas-old/fe-fex-v1.json","receptor","type_modificado","type","object|null","object","Receptor"
"fe-fex","svfe-json-schemas-new/v3/fe-fex-v3.json","svfe-json-schemas-old/fe-fex-v1.json","receptor.codPais","restriccion_modificada","enum","[""9320"",""9539"",""9565"",""9905"",""9999"",""9303"",""9306"",""9309"",""9310"",""9315"",""9317"",""9318"",""9319"",""9324"",""9327"",""9330"",""9333"",""9336"",""9339"",""9342"",""9345"",""9348"",""9349"",""9350"",""9354"",""9357"",""9360"",""9363"",""9366"",""9372"",""9374"",""9375"",""9377"",""9378"",""9381"",""9384"",""9387"",""9390"",""9393"",""9394"",""9396"",""9399"",""9402"",""9405"",""9408"",""9411"",""9414"",""9417"",""9420"",""9423"",""9426"",""9432"",""9435"",""9438"",""9440"",""9441"",""9444"",""9446"",""9447"",""9450"",""9453"",""9456"",""9459"",""9462"",""9465"",""9468"",""9471"",""9474"",""9477"",""9480"",""9481"",""9483"",""9486"",""9487"",""9495"",""9498"",""9501"",""9504"",""9507"",""9513"",""9516"",""9519"",""9522"",""9525"",""9526"",""9528"",""9531"",""9534"",""9537"",""9540"",""9543"",""9544"",""9546"",""9549"",""9552"",""9555"",""9558"",""9561"",""9564"",""9567"",""9570"",""9573"",""9576"",""9577"",""9582"",""9585"",""9591"",""9594"",""9597"",""9600"",""9601"",""9603"",""9606"",""9609"",""9611"",""9612"",""9615"",""9618"",""9621"",""9624"",""9627"",""9633"",""9636"",""9638"",""9639"",""9642"",""9645"",""9648"",""9651"",""9660"",""9663"",""9666"",""9669"",""9672"",""9675"",""9677"",""9678"",""9679"",""9680"",""9681"",""9682"",""9683"",""9684"",""9687"",""9690"",""9691"",""9693"",""9696"",""9699"",""9702"",""9705"",""9706"",""9707"",""9708"",""9714"",""9717"",""9720"",""9722"",""9723"",""9725"",""9726"",""9727"",""9729"",""9732"",""9735"",""9738"",""9739"",""9740"",""9741"",""9744"",""9747"",""9750"",""9756"",""9758"",""9759"",""9760"",""9850"",""9862"",""9863"",""9865"",""9886"",""9898"",""9899"",""9897"",""9887"",""9571"",""9300"",""9369"",""9439"",""9510"",""9579"",""9654"",""9711"",""9736"",""9737"",""9640"",""9641"",""9673"",""9472"",""9311"",""9733"",""9541"",""9746"",""9551"",""9451"",""9338"",""9353"",""9482"",""9494"",""9524"",""9304"",""9332"",""9454"",""9457"",""9489"",""9491"",""9492"",""9523"",""9530"",""9532"",""9535"",""9542"",""9547"",""9548"",""9574"",""9598"",""9602"",""9607"",""9608"",""9623"",""9652"",""9692"",""9709"",""9712"",""9716"",""9718"",""9719"",""9751"",""9452"",""9901"",""9902"",""9903"",""9664"",""9415"",""9904"",""9514"",""9906"",""9359"",""9493"",""9521"",""9533"",""9538"",""9689"",""9713"",""9449"",""9888"",""9490"",""9527"",""9529"",""9536"",""9545"",""9568"",""9610"",""9622"",""9643"",""9667"",""9676"",""9685"",""9686"",""9688"",""9715"",""9900"",""9371"",""9376"",""9907""]","","Código de país (receptor)"
"fe-fex","svfe-json-schemas-new/v3/fe-fex-v3.json","svfe-json-schemas-old/fe-fex-v1.json","receptor.complemento","description_modificado","description","Colocar las especificaciones de la direccion","Dirección complemento","Dirección complemento"
"fe-fex","svfe-json-schemas-new/v3/fe-fex-v3.json","svfe-json-schemas-old/fe-fex-v1.json","receptor.complemento","restriccion_modificada","minLength","5","1","Dirección complemento"
"fe-fex","svfe-json-schemas-new/v3/fe-fex-v3.json","svfe-json-schemas-old/fe-fex-v1.json","receptor.complemento","restriccion_modificada","maxLength","300","200","Dirección complemento"
"fe-fex","svfe-json-schemas-new/v3/fe-fex-v3.json","svfe-json-schemas-old/fe-fex-v1.json","receptor.correo","restriccion_modificada","format","email","","Correo electrónico (Receptor)"
"fe-fex","svfe-json-schemas-new/v3/fe-fex-v3.json","svfe-json-schemas-old/fe-fex-v1.json","receptor.correo","restriccion_modificada","minLength","3","6","Correo electrónico (Receptor)"
"fe-fex","svfe-json-schemas-new/v3/fe-fex-v3.json","svfe-json-schemas-old/fe-fex-v1.json","receptor.nombre","description_modificado","description","Nombre, denominación o razón social del contribuyente (Receptor)","Nombre (Receptor)","Nombre (Receptor)"
"fe-fex","svfe-json-schemas-new/v3/fe-fex-v3.json","svfe-json-schemas-old/fe-fex-v1.json","receptor.nombreComercial","description_modificado","description","Nombre, denominación o razón social del contribuyente (Receptor)","Nombre Comercial (Receptor)","Nombre Comercial (Receptor)"
"fe-fex","svfe-json-schemas-new/v3/fe-fex-v3.json","svfe-json-schemas-old/fe-fex-v1.json","receptor.numDocumento","restriccion_modificada","minLength","3","1","Número de documento de Identificación (Receptor)"
"fe-fex","svfe-json-schemas-new/v3/fe-fex-v3.json","svfe-json-schemas-old/fe-fex-v1.json","receptor.telefono","restriccion_modificada","maxLength","50","30","Teléfono (Receptor)"
"fe-fex","svfe-json-schemas-new/v3/fe-fex-v3.json","svfe-json-schemas-old/fe-fex-v1.json","receptor.tipoDocumento","restriccion_modificada","enum","[""36"",""13"",""02"",""03"",""37""]","","Tipo de documento de identificación (Receptor)"
"fe-fex","svfe-json-schemas-new/v3/fe-fex-v3.json","svfe-json-schemas-old/fe-fex-v1.json","receptor.tipoDocumento","restriccion_modificada","minLength","","2","Tipo de documento de identificación (Receptor)"
"fe-fex","svfe-json-schemas-new/v3/fe-fex-v3.json","svfe-json-schemas-old/fe-fex-v1.json","receptor.tipoDocumento","restriccion_modificada","maxLength","","2","Tipo de documento de identificación (Receptor)"
"fe-fex","svfe-json-schemas-new/v3/fe-fex-v3.json","svfe-json-schemas-old/fe-fex-v1.json","receptor.tipoPersona","description_modificado","description","tipo de persona Juridica o persona natural","Tipo de Receptor","Tipo de Receptor"
"fe-fex","svfe-json-schemas-new/v3/fe-fex-v3.json","svfe-json-schemas-old/fe-fex-v1.json","receptor.tipoPersona","restriccion_modificada","enum","[1,2]","","Tipo de Receptor"
"fe-fex","svfe-json-schemas-new/v3/fe-fex-v3.json","svfe-json-schemas-old/fe-fex-v1.json","resumen","restriccion_modificada","minItems","","1","Resumen"
"fe-fex","svfe-json-schemas-new/v3/fe-fex-v3.json","svfe-json-schemas-old/fe-fex-v1.json","resumen","restriccion_modificada","maxItems","","1","Resumen"
"fe-fex","svfe-json-schemas-new/v3/fe-fex-v3.json","svfe-json-schemas-old/fe-fex-v1.json","resumen.codIncoterms","restriccion_modificada","maxLength","","2","INCOTERMS"
"fe-fex","svfe-json-schemas-new/v3/fe-fex-v3.json","svfe-json-schemas-old/fe-fex-v1.json","resumen.condicionOperacion","restriccion_modificada","enum","[1,2,3]","","Condición de la Operación"
"fe-fex","svfe-json-schemas-new/v3/fe-fex-v3.json","svfe-json-schemas-old/fe-fex-v1.json","resumen.descIncoterms","restriccion_modificada","minLength","3","1","Descripción INCOTERMS"
"fe-fex","svfe-json-schemas-new/v3/fe-fex-v3.json","svfe-json-schemas-old/fe-fex-v1.json","resumen.descuGravada","agregado","campo","","tipo=number | requerido=si | descripcion=Descuento global a ventas gravadas | restricciones=minimum=0; exclusiveMaximum=100000000000; multipleOf=0.01","Descuento global a ventas gravadas"
"fe-fex","svfe-json-schemas-new/v3/fe-fex-v3.json","svfe-json-schemas-old/fe-fex-v1.json","resumen.descuento","eliminado","campo","tipo=number | requerido=si | descripcion=Monto global de Descuento, Bonificación, Rebajas y otros a ventas | restricciones=minimum=0; exclusiveMaximum=100000000000; multipleOf=0.01","","Monto global de Descuento, Bonificación, Rebajas y otros a ventas"
"fe-fex","svfe-json-schemas-new/v3/fe-fex-v3.json","svfe-json-schemas-old/fe-fex-v1.json","resumen.montoTotalOperacion","restriccion_modificada","minimum","","0","Monto Total de la Operación"
"fe-fex","svfe-json-schemas-new/v3/fe-fex-v3.json","svfe-json-schemas-old/fe-fex-v1.json","resumen.montoTotalOperacion","restriccion_modificada","exclusiveMinimum","0","","Monto Total de la Operación"
"fe-fex","svfe-json-schemas-new/v3/fe-fex-v3.json","svfe-json-schemas-old/fe-fex-v1.json","resumen.numPagoElectronico","restriccion_modificada","minLength","","1","Número de Pago Electrónico"
"fe-fex","svfe-json-schemas-new/v3/fe-fex-v3.json","svfe-json-schemas-old/fe-fex-v1.json","resumen.observaciones","restriccion_modificada","minLength","","1","Observaciones"
"fe-fex","svfe-json-schemas-new/v3/fe-fex-v3.json","svfe-json-schemas-old/fe-fex-v1.json","resumen.observaciones","restriccion_modificada","maxLength","500","3000","Observaciones"
"fe-fex","svfe-json-schemas-new/v3/fe-fex-v3.json","svfe-json-schemas-old/fe-fex-v1.json","resumen.pagos[].codigo","type_modificado","type","string","string|null","Código de forma de pago"
"fe-fex","svfe-json-schemas-new/v3/fe-fex-v3.json","svfe-json-schemas-old/fe-fex-v1.json","resumen.pagos[].codigo","restriccion_modificada","pattern","^(0[1-9]||1[0-4]||99)$","","Código de forma de pago"
"fe-fex","svfe-json-schemas-new/v3/fe-fex-v3.json","svfe-json-schemas-old/fe-fex-v1.json","resumen.pagos[].periodo","restriccion_modificada","exclusiveMinimum","","0","Período de plazo"
"fe-fex","svfe-json-schemas-new/v3/fe-fex-v3.json","svfe-json-schemas-old/fe-fex-v1.json","resumen.pagos[].plazo","restriccion_modificada","pattern","^0[1-3]$","","Plazo"
"fe-fex","svfe-json-schemas-new/v3/fe-fex-v3.json","svfe-json-schemas-old/fe-fex-v1.json","resumen.porcentajeDescuento","description_modificado","description","Porcentaje del monto global de Descuento, Bonificación, Rebajas y otros","Porcentaje de Descuento","Porcentaje de Descuento"
"fe-fex","svfe-json-schemas-new/v3/fe-fex-v3.json","svfe-json-schemas-old/fe-fex-v1.json","resumen.saldoFavor","agregado","campo","","tipo=number | requerido=si | descripcion=Saldo a Favor | restricciones=exclusiveMinimum=-100000000000; exclusiveMaximum=100000000000; multipleOf=0.01","Saldo a Favor"
"fe-fex","svfe-json-schemas-new/v3/fe-fex-v3.json","svfe-json-schemas-old/fe-fex-v1.json","resumen.seguro","type_modificado","type","number|null","number","Seguro"
"fe-fex","svfe-json-schemas-new/v3/fe-fex-v3.json","svfe-json-schemas-old/fe-fex-v1.json","resumen.totalDescu","description_modificado","description","Total del monto de Descuento, Bonificación, Rebajas","Total de Descuentos","Total de Descuentos"
"fe-fex","svfe-json-schemas-new/v3/fe-fex-v3.json","svfe-json-schemas-old/fe-fex-v1.json","resumen.totalLetras","type_modificado","type","string","string|null","Valor en Letras"
"fe-fex","svfe-json-schemas-new/v3/fe-fex-v3.json","svfe-json-schemas-old/fe-fex-v1.json","resumen.totalLetras","description_modificado","description","Total en Letras","Valor en Letras","Valor en Letras"
"fe-fex","svfe-json-schemas-new/v3/fe-fex-v3.json","svfe-json-schemas-old/fe-fex-v1.json","resumen.totalLetras","restriccion_modificada","minLength","","1","Valor en Letras"
"fe-fex","svfe-json-schemas-new/v3/fe-fex-v3.json","svfe-json-schemas-old/fe-fex-v1.json","resumen.totalNoGravado","description_modificado","description","Total Cargos / Abonos que no afectan la base imponible","Total Cargos/Abonos que no afectan la base imponible","Total Cargos/Abonos que no afectan la base imponible"
"fe-fex","svfe-json-schemas-new/v3/fe-fex-v3.json","svfe-json-schemas-old/fe-fex-v1.json","resumen.totalNoOnerosas","agregado","campo","","tipo=number | requerido=si | descripcion=Transferencias de bienes no onerosas | restricciones=minimum=0; exclusiveMaximum=100000000000; multipleOf=0.01","Transferencias de bienes no onerosas"
"fe-fex","svfe-json-schemas-new/v3/fe-fex-v3.json","svfe-json-schemas-old/fe-fex-v1.json","resumen.totalPagar","description_modificado","description","Total a Pagar","Total a pagar","Total a pagar"
"fe-fex","svfe-json-schemas-new/v3/fe-fex-v3.json","svfe-json-schemas-old/fe-fex-v1.json","resumen.tributos","agregado","campo","","tipo=array|null | requerido=si | descripcion=Resumen Codigo de Tributos | restricciones=uniqueItems=true","Resumen Codigo de Tributos"
"fe-fex","svfe-json-schemas-new/v3/fe-fex-v3.json","svfe-json-schemas-old/fe-fex-v1.json","resumen.tributos[]","agregado","campo","","tipo=object | requerido=si | restricciones=additionalProperties=false",""
"fe-fex","svfe-json-schemas-new/v3/fe-fex-v3.json","svfe-json-schemas-old/fe-fex-v1.json","resumen.tributos[].codigo","agregado","campo","","tipo=string | requerido=si | descripcion=Resumen Código de Tributo | restricciones=minLength=2; maxLength=2","Resumen Código de Tributo"
"fe-fex","svfe-json-schemas-new/v3/fe-fex-v3.json","svfe-json-schemas-old/fe-fex-v1.json","resumen.tributos[].descripcion","agregado","campo","","tipo=string | requerido=si | descripcion=Nombre del Tributo | restricciones=minLength=1; maxLength=300","Nombre del Tributo"
"fe-fex","svfe-json-schemas-new/v3/fe-fex-v3.json","svfe-json-schemas-old/fe-fex-v1.json","resumen.tributos[].valor","agregado","campo","","tipo=number | requerido=si | descripcion=Valor del Tributo | restricciones=minimum=0; exclusiveMaximum=100000000000; multipleOf=0.01","Valor del Tributo"
"fe-fex","svfe-json-schemas-new/v3/fe-fex-v3.json","svfe-json-schemas-old/fe-fex-v1.json","ventaTercero.codDomiciliado","agregado","campo","","tipo=integer|null | requerido=si | descripcion=Domicilio Fiscal","Domicilio Fiscal"
"fe-fex","svfe-json-schemas-new/v3/fe-fex-v3.json","svfe-json-schemas-old/fe-fex-v1.json","ventaTercero.nit","type_modificado","type","string","string|null","NIT por cuenta de Terceros"
"fe-fex","svfe-json-schemas-new/v3/fe-fex-v3.json","svfe-json-schemas-old/fe-fex-v1.json","ventaTercero.nit","restriccion_modificada","pattern","^([0-9]{14}|[0-9]{9})$","","NIT por cuenta de Terceros"
"fe-fex","svfe-json-schemas-new/v3/fe-fex-v3.json","svfe-json-schemas-old/fe-fex-v1.json","ventaTercero.nit","restriccion_modificada","minLength","","1","NIT por cuenta de Terceros"
"fe-fex","svfe-json-schemas-new/v3/fe-fex-v3.json","svfe-json-schemas-old/fe-fex-v1.json","ventaTercero.nit","restriccion_modificada","maxLength","","20","NIT por cuenta de Terceros"
"fe-fex","svfe-json-schemas-new/v3/fe-fex-v3.json","svfe-json-schemas-old/fe-fex-v1.json","ventaTercero.nombre","description_modificado","description","Nombre, denominación o razón social del Tercero","Nombre, denominaci del Tercero","Nombre, denominaci del Tercero"
"fe-fse","svfe-json-schemas-new/v2/fe-fse-v2.json","svfe-json-schemas-old/fe-fse-v1.json","cuerpoDocumento[].compra","description_modificado","description","Ventas","Compras","Compras"
"fe-fse","svfe-json-schemas-new/v2/fe-fse-v2.json","svfe-json-schemas-old/fe-fse-v1.json","cuerpoDocumento[].descripcion","restriccion_modificada","minLength","","1","Descripción"
"fe-fse","svfe-json-schemas-new/v2/fe-fse-v2.json","svfe-json-schemas-old/fe-fse-v1.json","cuerpoDocumento[].descripcion","restriccion_modificada","maxLength","1000","1500","Descripción"
"fe-fse","svfe-json-schemas-new/v2/fe-fse-v2.json","svfe-json-schemas-old/fe-fse-v1.json","cuerpoDocumento[].montoDescu","description_modificado","description","Descuento, Bonificación, Rebajas por ítem","Descuento por ítem","Descuento por ítem"
"fe-fse","svfe-json-schemas-new/v2/fe-fse-v2.json","svfe-json-schemas-old/fe-fse-v1.json","cuerpoDocumento[].tipoItem","restriccion_modificada","enum","[1,2,3]","","Tipo de ítem"
"fe-fse","svfe-json-schemas-new/v2/fe-fse-v2.json","svfe-json-schemas-old/fe-fse-v1.json","cuerpoDocumento[].uniMedida","restriccion_modificada","enum","[1,2,3,4,5,6,8,9,10,11,12,13,14,15,16,17,18,19,20,21,22,23,24,25,26,27,29,30,31,32,33,34,35,36,37,38,39,40,42,43,44,45,46,47,49,50,51,52,53,54,55,56,57,58,59,99]","","Unidad de Medida"
"fe-fse","svfe-json-schemas-new/v2/fe-fse-v2.json","svfe-json-schemas-old/fe-fse-v1.json","cuerpoDocumento[].uniMedida","restriccion_modificada","minimum","","1","Unidad de Medida"
"fe-fse","svfe-json-schemas-new/v2/fe-fse-v2.json","svfe-json-schemas-old/fe-fse-v1.json","emisor.codActividad","restriccion_modificada","pattern","^[0-9]{2,6}$","","Código de Actividad Económica (Emisor)"
"fe-fse","svfe-json-schemas-new/v2/fe-fse-v2.json","svfe-json-schemas-old/fe-fse-v1.json","emisor.codActividad","restriccion_modificada","minLength","","5","Código de Actividad Económica (Emisor)"
"fe-fse","svfe-json-schemas-new/v2/fe-fse-v2.json","svfe-json-schemas-old/fe-fse-v1.json","emisor.codActividad","restriccion_modificada","maxLength","","6","Código de Actividad Económica (Emisor)"
"fe-fse","svfe-json-schemas-new/v2/fe-fse-v2.json","svfe-json-schemas-old/fe-fse-v1.json","emisor.codEstable","restriccion_modificada","minLength","1","4","Código del establecimiento asignado por el contribuyente"
"fe-fse","svfe-json-schemas-new/v2/fe-fse-v2.json","svfe-json-schemas-old/fe-fse-v1.json","emisor.codEstable","restriccion_modificada","maxLength","10","4","Código del establecimiento asignado por el contribuyente"
"fe-fse","svfe-json-schemas-new/v2/fe-fse-v2.json","svfe-json-schemas-old/fe-fse-v1.json","emisor.codEstableMH","eliminado","campo","tipo=string|null | requerido=si | descripcion=Código del establecimiento asignado por el MH | restricciones=minLength=4; maxLength=4","","Código del establecimiento asignado por el MH"
"fe-fse","svfe-json-schemas-new/v2/fe-fse-v2.json","svfe-json-schemas-old/fe-fse-v1.json","emisor.codPuntoVentaMH","eliminado","campo","tipo=string|null | requerido=si | descripcion=Código del Punto de Venta (Emisor) Asignado por el MH | restricciones=minLength=4; maxLength=4","","Código del Punto de Venta (Emisor) Asignado por el MH"
"fe-fse","svfe-json-schemas-new/v2/fe-fse-v2.json","svfe-json-schemas-old/fe-fse-v1.json","emisor.correo","restriccion_modificada","format","email","","Correo electrónico (Emisor)"
"fe-fse","svfe-json-schemas-new/v2/fe-fse-v2.json","svfe-json-schemas-old/fe-fse-v1.json","emisor.correo","restriccion_modificada","minLength","3","6","Correo electrónico (Emisor)"
"fe-fse","svfe-json-schemas-new/v2/fe-fse-v2.json","svfe-json-schemas-old/fe-fse-v1.json","emisor.descActividad","restriccion_modificada","minLength","1","5","Actividad Económica (Emisor)"
"fe-fse","svfe-json-schemas-new/v2/fe-fse-v2.json","svfe-json-schemas-old/fe-fse-v1.json","emisor.direccion.departamento","restriccion_modificada","pattern","^0[1-9]|1[0-4]$","","Dirección Departamento (Emisor)"
"fe-fse","svfe-json-schemas-new/v2/fe-fse-v2.json","svfe-json-schemas-old/fe-fse-v1.json","emisor.direccion.distrito","agregado","campo","","tipo=string | requerido=si | descripcion=Dirección Distrito (Emisor)","Dirección Distrito (Emisor)"
"fe-fse","svfe-json-schemas-new/v2/fe-fse-v2.json","svfe-json-schemas-old/fe-fse-v1.json","emisor.direccion.municipio","restriccion_modificada","pattern","^[0-9]{2}$","","Dirección Municipio (Emisor)"
"fe-fse","svfe-json-schemas-new/v2/fe-fse-v2.json","svfe-json-schemas-old/fe-fse-v1.json","emisor.nit","restriccion_modificada","pattern","^([0-9]{14}|[0-9]{9})$","","NIT (Emisor)"
"fe-fse","svfe-json-schemas-new/v2/fe-fse-v2.json","svfe-json-schemas-old/fe-fse-v1.json","emisor.nombre","description_modificado","description","Nombre, denominación o razón social del contribuyente (Emisor)","Nombre (Emisor)","Nombre (Emisor)"
"fe-fse","svfe-json-schemas-new/v2/fe-fse-v2.json","svfe-json-schemas-old/fe-fse-v1.json","emisor.nrc","restriccion_modificada","pattern","^[0-9]{1,8}$","","NRC (Emisor)"
"fe-fse","svfe-json-schemas-new/v2/fe-fse-v2.json","svfe-json-schemas-old/fe-fse-v1.json","emisor.nrc","restriccion_modificada","minLength","","2","NRC (Emisor)"
"fe-fse","svfe-json-schemas-new/v2/fe-fse-v2.json","svfe-json-schemas-old/fe-fse-v1.json","emisor.nrc","restriccion_modificada","maxLength","","8","NRC (Emisor)"
"fe-fse","svfe-json-schemas-new/v2/fe-fse-v2.json","svfe-json-schemas-old/fe-fse-v1.json","identificacion.numeroControl","restriccion_modificada","pattern","^DTE-14-[A-Z0-9]{8}-[0-9]{15}$","^DTE-14-(M|B|S|P)([0-9]{3})(P)([0-9]{3})-[0-9]{15}$","Número de Control"
"fe-fse","svfe-json-schemas-new/v2/fe-fse-v2.json","svfe-json-schemas-old/fe-fse-v1.json","identificacion.version","restriccion_modificada","const","1","2","Versión"
"fe-fse","svfe-json-schemas-new/v2/fe-fse-v2.json","svfe-json-schemas-old/fe-fse-v1.json","receptor","agregado","campo","","tipo=object | requerido=si | descripcion=Sujeto Excluido (Receptor) | restricciones=additionalProperties=false","Sujeto Excluido (Receptor)"
"fe-fse","svfe-json-schemas-new/v2/fe-fse-v2.json","svfe-json-schemas-old/fe-fse-v1.json","receptor.codActividad","agregado","campo","","tipo=string|null | requerido=si | descripcion=Código de Actividad Económica (Receptor)","Código de Actividad Económica (Receptor)"
"fe-fse","svfe-json-schemas-new/v2/fe-fse-v2.json","svfe-json-schemas-old/fe-fse-v1.json","receptor.correo","agregado","campo","","tipo=string|null | requerido=si | descripcion=Correo electrónico (Receptor) | restricciones=minLength=6; maxLength=100","Correo electrónico (Receptor)"
"fe-fse","svfe-json-schemas-new/v2/fe-fse-v2.json","svfe-json-schemas-old/fe-fse-v1.json","receptor.descActividad","agregado","campo","","tipo=string|null | requerido=si | descripcion=Actividad Económica (Receptor) | restricciones=minLength=5; maxLength=150","Actividad Económica (Receptor)"
"fe-fse","svfe-json-schemas-new/v2/fe-fse-v2.json","svfe-json-schemas-old/fe-fse-v1.json","receptor.direccion","agregado","campo","","tipo=object | requerido=si | descripcion=Dirección (Receptor) | restricciones=additionalProperties=false","Dirección (Receptor)"
"fe-fse","svfe-json-schemas-new/v2/fe-fse-v2.json","svfe-json-schemas-old/fe-fse-v1.json","receptor.direccion.complemento","agregado","campo","","tipo=string | requerido=si | descripcion=Dirección: complemento (Receptor) | restricciones=minLength=1; maxLength=200","Dirección: complemento (Receptor)"
"fe-fse","svfe-json-schemas-new/v2/fe-fse-v2.json","svfe-json-schemas-old/fe-fse-v1.json","receptor.direccion.departamento","agregado","campo","","tipo=string | requerido=si | descripcion=Dirección: Departamento (Receptor)","Dirección: Departamento (Receptor)"
"fe-fse","svfe-json-schemas-new/v2/fe-fse-v2.json","svfe-json-schemas-old/fe-fse-v1.json","receptor.direccion.distrito","agregado","campo","","tipo=string | requerido=si | descripcion=Dirección Distrito (Receptor)","Dirección Distrito (Receptor)"
"fe-fse","svfe-json-schemas-new/v2/fe-fse-v2.json","svfe-json-schemas-old/fe-fse-v1.json","receptor.direccion.municipio","agregado","campo","","tipo=string | requerido=si | descripcion=Dirección: Municipio (Receptor)","Dirección: Municipio (Receptor)"
"fe-fse","svfe-json-schemas-new/v2/fe-fse-v2.json","svfe-json-schemas-old/fe-fse-v1.json","receptor.nombre","agregado","campo","","tipo=string | requerido=si | descripcion=Nombre (Receptor) | restricciones=minLength=1; maxLength=250","Nombre (Receptor)"
"fe-fse","svfe-json-schemas-new/v2/fe-fse-v2.json","svfe-json-schemas-old/fe-fse-v1.json","receptor.numDocumento","agregado","campo","","tipo=string | requerido=si | descripcion=Número de documento de Identificación (Receptor) | restricciones=minLength=1; maxLength=20","Número de documento de Identificación (Receptor)"
"fe-fse","svfe-json-schemas-new/v2/fe-fse-v2.json","svfe-json-schemas-old/fe-fse-v1.json","receptor.telefono","agregado","campo","","tipo=string|null | requerido=si | descripcion=Teléfono (Receptor) | restricciones=minLength=8; maxLength=30","Teléfono (Receptor)"
"fe-fse","svfe-json-schemas-new/v2/fe-fse-v2.json","svfe-json-schemas-old/fe-fse-v1.json","receptor.tipoDocumento","agregado","campo","","tipo=string | requerido=si | descripcion=Tipo de documento de identificación (Receptor)","Tipo de documento de identificación (Receptor)"
"fe-fse","svfe-json-schemas-new/v2/fe-fse-v2.json","svfe-json-schemas-old/fe-fse-v1.json","resumen.condicionOperacion","restriccion_modificada","enum","[1,2,3]","","Condición de la Operación"
"fe-fse","svfe-json-schemas-new/v2/fe-fse-v2.json","svfe-json-schemas-old/fe-fse-v1.json","resumen.descu","description_modificado","description","Monto global de Descuento, Bonificación, Rebajas y otros al total de operaciones.","Descuento global al total de operaciones.","Descuento global al total de operaciones."
"fe-fse","svfe-json-schemas-new/v2/fe-fse-v2.json","svfe-json-schemas-old/fe-fse-v1.json","resumen.ivaRete1","eliminado","campo","tipo=number | requerido=si | descripcion=IVA Retenido | restricciones=minimum=0; exclusiveMaximum=100000000000; multipleOf=0.01","","IVA Retenido"
"fe-fse","svfe-json-schemas-new/v2/fe-fse-v2.json","svfe-json-schemas-old/fe-fse-v1.json","resumen.observaciones","restriccion_modificada","minLength","","1","Observaciones"
"fe-fse","svfe-json-schemas-new/v2/fe-fse-v2.json","svfe-json-schemas-old/fe-fse-v1.json","resumen.pagos[].codigo","type_modificado","type","string","string|null","Código de forma de pago"
"fe-fse","svfe-json-schemas-new/v2/fe-fse-v2.json","svfe-json-schemas-old/fe-fse-v1.json","resumen.pagos[].codigo","restriccion_modificada","pattern","^(0[1-9]||1[0-4]||99)$","","Código de forma de pago"
"fe-fse","svfe-json-schemas-new/v2/fe-fse-v2.json","svfe-json-schemas-old/fe-fse-v1.json","resumen.pagos[].plazo","restriccion_modificada","enum","[null,""01"",""02"",""03""]","","Plazo"
"fe-fse","svfe-json-schemas-new/v2/fe-fse-v2.json","svfe-json-schemas-old/fe-fse-v1.json","resumen.pagos[].plazo","restriccion_modificada","pattern","^0[1-3]$","","Plazo"
"fe-fse","svfe-json-schemas-new/v2/fe-fse-v2.json","svfe-json-schemas-old/fe-fse-v1.json","resumen.totalDescu","type_modificado","type","number|null","number","Total de Descuentos"
"fe-fse","svfe-json-schemas-new/v2/fe-fse-v2.json","svfe-json-schemas-old/fe-fse-v1.json","resumen.totalDescu","description_modificado","description","Total del monto de Descuento, Bonificación, Rebajas","Total de Descuentos","Total de Descuentos"
"fe-fse","svfe-json-schemas-new/v2/fe-fse-v2.json","svfe-json-schemas-old/fe-fse-v1.json","resumen.totalLetras","type_modificado","type","string","string|null","Valor en Letras"
"fe-fse","svfe-json-schemas-new/v2/fe-fse-v2.json","svfe-json-schemas-old/fe-fse-v1.json","resumen.totalLetras","description_modificado","description","Total en Letras","Valor en Letras","Valor en Letras"
"fe-fse","svfe-json-schemas-new/v2/fe-fse-v2.json","svfe-json-schemas-old/fe-fse-v1.json","resumen.totalLetras","restriccion_modificada","minLength","","1","Valor en Letras"
"fe-fse","svfe-json-schemas-new/v2/fe-fse-v2.json","svfe-json-schemas-old/fe-fse-v1.json","sujetoExcluido","eliminado","campo","tipo=object | requerido=si | descripcion=Receptor | restricciones=additionalProperties=false","","Receptor"
"fe-fse","svfe-json-schemas-new/v2/fe-fse-v2.json","svfe-json-schemas-old/fe-fse-v1.json","sujetoExcluido.codActividad","eliminado","campo","tipo=string|null | requerido=si | descripcion=Código de Actividad Económica (Receptor) | restricciones=pattern=^[0-9]{2,6}$","","Código de Actividad Económica (Receptor)"
"fe-fse","svfe-json-schemas-new/v2/fe-fse-v2.json","svfe-json-schemas-old/fe-fse-v1.json","sujetoExcluido.correo","eliminado","campo","tipo=string|null | requerido=si | descripcion=Correo electrónico (Receptor) | restricciones=format=email; maxLength=100","","Correo electrónico (Receptor)"
"fe-fse","svfe-json-schemas-new/v2/fe-fse-v2.json","svfe-json-schemas-old/fe-fse-v1.json","sujetoExcluido.descActividad","eliminado","campo","tipo=string|null | requerido=si | descripcion=Actividad Económica (Receptor) | restricciones=minLength=1; maxLength=150","","Actividad Económica (Receptor)"
"fe-fse","svfe-json-schemas-new/v2/fe-fse-v2.json","svfe-json-schemas-old/fe-fse-v1.json","sujetoExcluido.direccion","eliminado","campo","tipo=object | requerido=si | descripcion=Dirección (Receptor) | restricciones=additionalProperties=false","","Dirección (Receptor)"
"fe-fse","svfe-json-schemas-new/v2/fe-fse-v2.json","svfe-json-schemas-old/fe-fse-v1.json","sujetoExcluido.direccion.complemento","eliminado","campo","tipo=string | requerido=si | descripcion=Dirección: complemento (Receptor) | restricciones=minLength=1; maxLength=200","","Dirección: complemento (Receptor)"
"fe-fse","svfe-json-schemas-new/v2/fe-fse-v2.json","svfe-json-schemas-old/fe-fse-v1.json","sujetoExcluido.direccion.departamento","eliminado","campo","tipo=string | requerido=si | descripcion=Dirección: Departamento (Receptor) | restricciones=pattern=^0[1-9]|1[0-4]$","","Dirección: Departamento (Receptor)"
"fe-fse","svfe-json-schemas-new/v2/fe-fse-v2.json","svfe-json-schemas-old/fe-fse-v1.json","sujetoExcluido.direccion.municipio","eliminado","campo","tipo=string | requerido=si | descripcion=Dirección: Municipio (Receptor) | restricciones=pattern=^[0-9]{2}$","","Dirección: Municipio (Receptor)"
"fe-fse","svfe-json-schemas-new/v2/fe-fse-v2.json","svfe-json-schemas-old/fe-fse-v1.json","sujetoExcluido.nombre","eliminado","campo","tipo=string | requerido=si | descripcion=Nombre, denominación o razón social del contribuyente (Receptor) | restricciones=minLength=1; maxLength=250","","Nombre, denominación o razón social del contribuyente (Receptor)"
"fe-fse","svfe-json-schemas-new/v2/fe-fse-v2.json","svfe-json-schemas-old/fe-fse-v1.json","sujetoExcluido.numDocumento","eliminado","campo","tipo=string | requerido=si | descripcion=Número de documento de Identificación (Receptor) | restricciones=minLength=1; maxLength=20","","Número de documento de Identificación (Receptor)"
"fe-fse","svfe-json-schemas-new/v2/fe-fse-v2.json","svfe-json-schemas-old/fe-fse-v1.json","sujetoExcluido.telefono","eliminado","campo","tipo=string|null | requerido=si | descripcion=Teléfono (Receptor) | restricciones=minLength=8; maxLength=30","","Teléfono (Receptor)"
"fe-fse","svfe-json-schemas-new/v2/fe-fse-v2.json","svfe-json-schemas-old/fe-fse-v1.json","sujetoExcluido.tipoDocumento","eliminado","campo","tipo=string | requerido=si | descripcion=Tipo de documento de identificación (Receptor) | restricciones=enum=[""36"",""13"",""02"",""03"",""37""]","","Tipo de documento de identificación (Receptor)"
"fe-nc","svfe-json-schemas-new/v4/fe-nc-v4.json","svfe-json-schemas-old/fe-nc-v3.json","cuerpoDocumento[].codTributo","description_modificado","description","Tributo sujeto a cálculo de IVA","Tributo sujeto a cálculo de IVA.","Tributo sujeto a cálculo de IVA."
"fe-nc","svfe-json-schemas-new/v4/fe-nc-v4.json","svfe-json-schemas-old/fe-nc-v3.json","cuerpoDocumento[].codTributo","restriccion_modificada","enum","[null,""A8"",""57"",""90"",""D4"",""D5"",""25"",""A6""]","","Tributo sujeto a cálculo de IVA."
"fe-nc","svfe-json-schemas-new/v4/fe-nc-v4.json","svfe-json-schemas-old/fe-nc-v3.json","cuerpoDocumento[].descripcion","type_modificado","type","string|null","string","Descripción"
"fe-nc","svfe-json-schemas-new/v4/fe-nc-v4.json","svfe-json-schemas-old/fe-nc-v3.json","cuerpoDocumento[].descripcion","restriccion_modificada","minLength","","1","Descripción"
"fe-nc","svfe-json-schemas-new/v4/fe-nc-v4.json","svfe-json-schemas-old/fe-nc-v3.json","cuerpoDocumento[].descripcion","restriccion_modificada","maxLength","1000","1500","Descripción"
"fe-nc","svfe-json-schemas-new/v4/fe-nc-v4.json","svfe-json-schemas-old/fe-nc-v3.json","cuerpoDocumento[].ivaPerci","agregado","campo","","tipo=number | requerido=si | descripcion=IVA percibido | restricciones=minimum=0; exclusiveMaximum=100000000000; multipleOf=1e-8","IVA percibido"
"fe-nc","svfe-json-schemas-new/v4/fe-nc-v4.json","svfe-json-schemas-old/fe-nc-v3.json","cuerpoDocumento[].ivaRete","agregado","campo","","tipo=number | requerido=si | descripcion= IVA retenido | restricciones=minimum=0; exclusiveMaximum=100000000000; multipleOf=1e-8"," IVA retenido"
"fe-nc","svfe-json-schemas-new/v4/fe-nc-v4.json","svfe-json-schemas-old/fe-nc-v3.json","cuerpoDocumento[].montoDescu","description_modificado","description","Descuento, Bonificación, Rebajas por ítem","Descuento por ítem","Descuento por ítem"
"fe-nc","svfe-json-schemas-new/v4/fe-nc-v4.json","svfe-json-schemas-old/fe-nc-v3.json","cuerpoDocumento[].noGravado","agregado","campo","","tipo=number | requerido=si | descripcion=Cargos/Abonos que no afectan la base imponible | restricciones=exclusiveMinimum=-100000000000; exclusiveMaximum=100000000000; multipleOf=1e-8","Cargos/Abonos que no afectan la base imponible"
"fe-nc","svfe-json-schemas-new/v4/fe-nc-v4.json","svfe-json-schemas-old/fe-nc-v3.json","cuerpoDocumento[].precioUni","restriccion_modificada","minimum","","0","Precio Unitario"
"fe-nc","svfe-json-schemas-new/v4/fe-nc-v4.json","svfe-json-schemas-old/fe-nc-v3.json","cuerpoDocumento[].tipoItem","restriccion_modificada","enum","[1,2,3,4]","","Tipo de ítem"
"fe-nc","svfe-json-schemas-new/v4/fe-nc-v4.json","svfe-json-schemas-old/fe-nc-v3.json","cuerpoDocumento[].totalIva","agregado","campo","","tipo=number | requerido=si | descripcion=IVA 13% | restricciones=minimum=0; exclusiveMaximum=100000000000; multipleOf=1e-8","IVA 13%"
"fe-nc","svfe-json-schemas-new/v4/fe-nc-v4.json","svfe-json-schemas-old/fe-nc-v3.json","documentoRelacionado[].tipoDocumento","description_modificado","description","Tipo de Documento Tributario Relacionado","Tipo de Documento Relacionado","Tipo de Documento Relacionado"
"fe-nc","svfe-json-schemas-new/v4/fe-nc-v4.json","svfe-json-schemas-old/fe-nc-v3.json","documentoRelacionado[].tipoDocumento","restriccion_modificada","enum","[""03"",""07""]","","Tipo de Documento Relacionado"
"fe-nc","svfe-json-schemas-new/v4/fe-nc-v4.json","svfe-json-schemas-old/fe-nc-v3.json","documentoRelacionado[].tipoGeneracion","description_modificado","description","Tipo de Generación del Documento Tributario relacionado","Tipo de Generación del Documento relacionado","Tipo de Generación del Documento relacionado"
"fe-nc","svfe-json-schemas-new/v4/fe-nc-v4.json","svfe-json-schemas-old/fe-nc-v3.json","documentoRelacionado[].tipoGeneracion","restriccion_modificada","enum","[1,2]","","Tipo de Generación del Documento relacionado"
"fe-nc","svfe-json-schemas-new/v4/fe-nc-v4.json","svfe-json-schemas-old/fe-nc-v3.json","emisor.codActividad","restriccion_modificada","pattern","^[0-9]{2,6}$","","Código de Actividad Económica (Emisor)"
"fe-nc","svfe-json-schemas-new/v4/fe-nc-v4.json","svfe-json-schemas-old/fe-nc-v3.json","emisor.codActividad","restriccion_modificada","minLength","","5","Código de Actividad Económica (Emisor)"
"fe-nc","svfe-json-schemas-new/v4/fe-nc-v4.json","svfe-json-schemas-old/fe-nc-v3.json","emisor.codActividad","restriccion_modificada","maxLength","","6","Código de Actividad Económica (Emisor)"
"fe-nc","svfe-json-schemas-new/v4/fe-nc-v4.json","svfe-json-schemas-old/fe-nc-v3.json","emisor.correo","restriccion_modificada","format","email","","Correo electrónico (Emisor)"
"fe-nc","svfe-json-schemas-new/v4/fe-nc-v4.json","svfe-json-schemas-old/fe-nc-v3.json","emisor.correo","restriccion_modificada","minLength","3","1","Correo electrónico (Emisor)"
"fe-nc","svfe-json-schemas-new/v4/fe-nc-v4.json","svfe-json-schemas-old/fe-nc-v3.json","emisor.descActividad","restriccion_modificada","minLength","1","5","Actividad Económica (Emisor)"
"fe-nc","svfe-json-schemas-new/v4/fe-nc-v4.json","svfe-json-schemas-old/fe-nc-v3.json","emisor.direccion.departamento","restriccion_modificada","pattern","^0[1-9]|1[0-4]$","","Dirección Departamento (Emisor)"
"fe-nc","svfe-json-schemas-new/v4/fe-nc-v4.json","svfe-json-schemas-old/fe-nc-v3.json","emisor.direccion.distrito","agregado","campo","","tipo=string | requerido=si | descripcion=Dirección Distrito (Emisor)","Dirección Distrito (Emisor)"
"fe-nc","svfe-json-schemas-new/v4/fe-nc-v4.json","svfe-json-schemas-old/fe-nc-v3.json","emisor.direccion.municipio","restriccion_modificada","pattern","^[0-9]{2}$","","Dirección Municipio (Emisor)"
"fe-nc","svfe-json-schemas-new/v4/fe-nc-v4.json","svfe-json-schemas-old/fe-nc-v3.json","emisor.nit","restriccion_modificada","pattern","^([0-9]{14}|[0-9]{9})$","","NIT (Emisor)"
"fe-nc","svfe-json-schemas-new/v4/fe-nc-v4.json","svfe-json-schemas-old/fe-nc-v3.json","emisor.nombre","description_modificado","description","Nombre, denominación o razón social del contribuyente (Emisor)","Nombre (Emisor)","Nombre (Emisor)"
"fe-nc","svfe-json-schemas-new/v4/fe-nc-v4.json","svfe-json-schemas-old/fe-nc-v3.json","emisor.nombre","restriccion_modificada","minLength","3","1","Nombre (Emisor)"
"fe-nc","svfe-json-schemas-new/v4/fe-nc-v4.json","svfe-json-schemas-old/fe-nc-v3.json","emisor.nombre","restriccion_modificada","maxLength","200","250","Nombre (Emisor)"
"fe-nc","svfe-json-schemas-new/v4/fe-nc-v4.json","svfe-json-schemas-old/fe-nc-v3.json","emisor.nrc","type_modificado","type","string","string|null","NRC (Emisor)"
"fe-nc","svfe-json-schemas-new/v4/fe-nc-v4.json","svfe-json-schemas-old/fe-nc-v3.json","emisor.nrc","restriccion_modificada","pattern","^[0-9]{1,8}$","","NRC (Emisor)"
"fe-nc","svfe-json-schemas-new/v4/fe-nc-v4.json","svfe-json-schemas-old/fe-nc-v3.json","emisor.nrc","restriccion_modificada","minLength","","2","NRC (Emisor)"
"fe-nc","svfe-json-schemas-new/v4/fe-nc-v4.json","svfe-json-schemas-old/fe-nc-v3.json","emisor.nrc","restriccion_modificada","maxLength","","8","NRC (Emisor)"
"fe-nc","svfe-json-schemas-new/v4/fe-nc-v4.json","svfe-json-schemas-old/fe-nc-v3.json","emisor.tipoEstablecimiento","eliminado","campo","tipo=string | requerido=si | descripcion=Tipo de establecimiento (Emisor) | restricciones=enum=[""01"",""02"",""04"",""07"",""20""]","","Tipo de establecimiento (Emisor)"
"fe-nc","svfe-json-schemas-new/v4/fe-nc-v4.json","svfe-json-schemas-old/fe-nc-v3.json","extension","eliminado","campo","tipo=object|null | requerido=si | descripcion=Extensión | restricciones=additionalProperties=false","","Extensión"
"fe-nc","svfe-json-schemas-new/v4/fe-nc-v4.json","svfe-json-schemas-old/fe-nc-v3.json","extension.docuEntrega","eliminado","campo","tipo=string|null | requerido=si | descripcion=Documento de identificación de quien genera el DTE | restricciones=minLength=1; maxLength=25","","Documento de identificación de quien genera el DTE"
"fe-nc","svfe-json-schemas-new/v4/fe-nc-v4.json","svfe-json-schemas-old/fe-nc-v3.json","extension.docuRecibe","eliminado","campo","tipo=string|null | requerido=si | descripcion=Documento de identificación del responsable de la operación por parte del receptor | restricciones=minLength=1; maxLength=25","","Documento de identificación del responsable de la operación por parte del receptor"
"fe-nc","svfe-json-schemas-new/v4/fe-nc-v4.json","svfe-json-schemas-old/fe-nc-v3.json","extension.nombEntrega","eliminado","campo","tipo=string|null | requerido=si | descripcion=Nombre del responsable que Genera el DTE | restricciones=minLength=1; maxLength=100","","Nombre del responsable que Genera el DTE"
"fe-nc","svfe-json-schemas-new/v4/fe-nc-v4.json","svfe-json-schemas-old/fe-nc-v3.json","extension.nombRecibe","eliminado","campo","tipo=string|null | requerido=si | descripcion=Nombre del responsable de la operación por parte del receptor | restricciones=minLength=1; maxLength=100","","Nombre del responsable de la operación por parte del receptor"
"fe-nc","svfe-json-schemas-new/v4/fe-nc-v4.json","svfe-json-schemas-old/fe-nc-v3.json","extension.observaciones","eliminado","campo","tipo=string|null | requerido=si | descripcion=Observaciones | restricciones=maxLength=3000","","Observaciones"
"fe-nc","svfe-json-schemas-new/v4/fe-nc-v4.json","svfe-json-schemas-old/fe-nc-v3.json","identificacion.fusion","agregado","campo","","tipo=string|null | requerido=si | descripcion=Fusiónes y otros | restricciones=pattern=^(?!([0-9])\1+$)(?!0{7})([0-9]{14}|[0-9]{9})$","Fusiónes y otros"
"fe-nc","svfe-json-schemas-new/v4/fe-nc-v4.json","svfe-json-schemas-old/fe-nc-v3.json","identificacion.motivoContin","restriccion_modificada","maxLength","150","500","Motivo de Contingencia"
"fe-nc","svfe-json-schemas-new/v4/fe-nc-v4.json","svfe-json-schemas-old/fe-nc-v3.json","identificacion.numeroControl","restriccion_modificada","pattern","^DTE-05-[A-Z0-9]{8}-[0-9]{15}$","^DTE-05-(M|B|S|P)([0-9]{3})(P)([0-9]{3})-[0-9]{15}$","Número de Control"
"fe-nc","svfe-json-schemas-new/v4/fe-nc-v4.json","svfe-json-schemas-old/fe-nc-v3.json","identificacion.version","restriccion_modificada","const","3","4","Versión"
"fe-nc","svfe-json-schemas-new/v4/fe-nc-v4.json","svfe-json-schemas-old/fe-nc-v3.json","receptor.codActividad","restriccion_modificada","pattern","^[0-9]{2,6}$","","Código de Actividad Económica (Receptor)"
"fe-nc","svfe-json-schemas-new/v4/fe-nc-v4.json","svfe-json-schemas-old/fe-nc-v3.json","receptor.codActividad","restriccion_modificada","minLength","","5","Código de Actividad Económica (Receptor)"
"fe-nc","svfe-json-schemas-new/v4/fe-nc-v4.json","svfe-json-schemas-old/fe-nc-v3.json","receptor.codActividad","restriccion_modificada","maxLength","","6","Código de Actividad Económica (Receptor)"
"fe-nc","svfe-json-schemas-new/v4/fe-nc-v4.json","svfe-json-schemas-old/fe-nc-v3.json","receptor.correo","type_modificado","type","string","string|null","Correo electrónico (Receptor)"
"fe-nc","svfe-json-schemas-new/v4/fe-nc-v4.json","svfe-json-schemas-old/fe-nc-v3.json","receptor.correo","restriccion_modificada","format","email","","Correo electrónico (Receptor)"
"fe-nc","svfe-json-schemas-new/v4/fe-nc-v4.json","svfe-json-schemas-old/fe-nc-v3.json","receptor.correo","restriccion_modificada","minLength","","1","Correo electrónico (Receptor)"
"fe-nc","svfe-json-schemas-new/v4/fe-nc-v4.json","svfe-json-schemas-old/fe-nc-v3.json","receptor.descActividad","restriccion_modificada","minLength","1","5","Actividad Económica (Receptor)"
"fe-nc","svfe-json-schemas-new/v4/fe-nc-v4.json","svfe-json-schemas-old/fe-nc-v3.json","receptor.direccion.complemento","description_modificado","description","Dirección: complemento (Receptor)","Dirección complemento (Receptor)","Dirección complemento (Receptor)"
"fe-nc","svfe-json-schemas-new/v4/fe-nc-v4.json","svfe-json-schemas-old/fe-nc-v3.json","receptor.direccion.departamento","description_modificado","description","Dirección: Departamento (Receptor)","Dirección Departamento (Receptor)","Dirección Departamento (Receptor)"
"fe-nc","svfe-json-schemas-new/v4/fe-nc-v4.json","svfe-json-schemas-old/fe-nc-v3.json","receptor.direccion.departamento","restriccion_modificada","pattern","^0[1-9]|1[0-4]$","","Dirección Departamento (Receptor)"
"fe-nc","svfe-json-schemas-new/v4/fe-nc-v4.json","svfe-json-schemas-old/fe-nc-v3.json","receptor.direccion.distrito","agregado","campo","","tipo=string | requerido=si | descripcion=Dirección Distrito (Receptor)","Dirección Distrito (Receptor)"
"fe-nc","svfe-json-schemas-new/v4/fe-nc-v4.json","svfe-json-schemas-old/fe-nc-v3.json","receptor.direccion.municipio","description_modificado","description","Dirección: Municipio (Receptor)","Dirección Municipio (Receptor)","Dirección Municipio (Receptor)"
"fe-nc","svfe-json-schemas-new/v4/fe-nc-v4.json","svfe-json-schemas-old/fe-nc-v3.json","receptor.direccion.municipio","restriccion_modificada","pattern","^[0-9]{2}$","","Dirección Municipio (Receptor)"
"fe-nc","svfe-json-schemas-new/v4/fe-nc-v4.json","svfe-json-schemas-old/fe-nc-v3.json","receptor.nit","eliminado","campo","tipo=string | requerido=si | descripcion=NIT (Receptor) | restricciones=pattern=^([0-9]{14}|[0-9]{9})$","","NIT (Receptor)"
"fe-nc","svfe-json-schemas-new/v4/fe-nc-v4.json","svfe-json-schemas-old/fe-nc-v3.json","receptor.nombre","description_modificado","description","Nombre, denominación o razón social del contribuyente (Receptor)","Nombre (Receptor)","Nombre (Receptor)"
"fe-nc","svfe-json-schemas-new/v4/fe-nc-v4.json","svfe-json-schemas-old/fe-nc-v3.json","receptor.nrc","type_modificado","type","string","string|null","NRC (Receptor)"
"fe-nc","svfe-json-schemas-new/v4/fe-nc-v4.json","svfe-json-schemas-old/fe-nc-v3.json","receptor.nrc","restriccion_modificada","pattern","^[0-9]{1,8}$","","NRC (Receptor)"
"fe-nc","svfe-json-schemas-new/v4/fe-nc-v4.json","svfe-json-schemas-old/fe-nc-v3.json","receptor.nrc","restriccion_modificada","minLength","","2","NRC (Receptor)"
"fe-nc","svfe-json-schemas-new/v4/fe-nc-v4.json","svfe-json-schemas-old/fe-nc-v3.json","receptor.nrc","restriccion_modificada","maxLength","","8","NRC (Receptor)"
"fe-nc","svfe-json-schemas-new/v4/fe-nc-v4.json","svfe-json-schemas-old/fe-nc-v3.json","receptor.numDocumento","agregado","campo","","tipo=string | requerido=si | descripcion=Número de documento de Identificacion (Receptor) | restricciones=minLength=1; maxLength=20","Número de documento de Identificacion (Receptor)"
"fe-nc","svfe-json-schemas-new/v4/fe-nc-v4.json","svfe-json-schemas-old/fe-nc-v3.json","receptor.tipoDocumento","agregado","campo","","tipo=string | requerido=si | descripcion=Tipo de Documento identificacion (Receptor)","Tipo de Documento identificacion (Receptor)"
"fe-nc","svfe-json-schemas-new/v4/fe-nc-v4.json","svfe-json-schemas-old/fe-nc-v3.json","resumen.codigoRetencionMH","agregado","campo","","tipo=string|null | requerido=si | descripcion=Código retención MH | restricciones=maximum=2","Código retención MH"
"fe-nc","svfe-json-schemas-new/v4/fe-nc-v4.json","svfe-json-schemas-old/fe-nc-v3.json","resumen.condicionOperacion","restriccion_modificada","enum","[1,2,3]","","Condición de la Operación"
"fe-nc","svfe-json-schemas-new/v4/fe-nc-v4.json","svfe-json-schemas-old/fe-nc-v3.json","resumen.descuExenta","eliminado","campo","tipo=number | requerido=si | descripcion=Monto global de Descuento, Bonificación, Rebajas y otros a ventas exentas | restricciones=minimum=0; exclusiveMaximum=100000000000; multipleOf=0.01","","Monto global de Descuento, Bonificación, Rebajas y otros a ventas exentas"
"fe-nc","svfe-json-schemas-new/v4/fe-nc-v4.json","svfe-json-schemas-old/fe-nc-v3.json","resumen.descuGravada","eliminado","campo","tipo=number | requerido=si | descripcion=Monto global de Descuento, Bonificación, Rebajas y otros a ventas gravadas | restricciones=minimum=0; exclusiveMaximum=100000000000; multipleOf=0.01","","Monto global de Descuento, Bonificación, Rebajas y otros a ventas gravadas"
"fe-nc","svfe-json-schemas-new/v4/fe-nc-v4.json","svfe-json-schemas-old/fe-nc-v3.json","resumen.descuNoSuj","eliminado","campo","tipo=number | requerido=si | descripcion=Monto global de Descuento, Bonificación, Rebajas y otros a ventas no sujetas | restricciones=minimum=0; exclusiveMaximum=100000000000; multipleOf=0.01","","Monto global de Descuento, Bonificación, Rebajas y otros a ventas no sujetas"
"fe-nc","svfe-json-schemas-new/v4/fe-nc-v4.json","svfe-json-schemas-old/fe-nc-v3.json","resumen.ivaPerci","agregado","campo","","tipo=number | requerido=si | descripcion=IVA Percibido | restricciones=minimum=0; exclusiveMaximum=100000000000; multipleOf=0.01","IVA Percibido"
"fe-nc","svfe-json-schemas-new/v4/fe-nc-v4.json","svfe-json-schemas-old/fe-nc-v3.json","resumen.ivaPerci1","eliminado","campo","tipo=number | requerido=si | descripcion=IVA Percibido | restricciones=minimum=0; exclusiveMaximum=100000000000; multipleOf=0.01","","IVA Percibido"
"fe-nc","svfe-json-schemas-new/v4/fe-nc-v4.json","svfe-json-schemas-old/fe-nc-v3.json","resumen.ivaRete","agregado","campo","","tipo=number | requerido=si | descripcion=IVA Retenido | restricciones=minimum=0; exclusiveMaximum=100000000000; multipleOf=0.01","IVA Retenido"
"fe-nc","svfe-json-schemas-new/v4/fe-nc-v4.json","svfe-json-schemas-old/fe-nc-v3.json","resumen.ivaRete1","eliminado","campo","tipo=number | requerido=si | descripcion=IVA Retenido | restricciones=minimum=0; exclusiveMaximum=100000000000; multipleOf=0.01","","IVA Retenido"
"fe-nc","svfe-json-schemas-new/v4/fe-nc-v4.json","svfe-json-schemas-old/fe-nc-v3.json","resumen.montoTotalOperacion","restriccion_modificada","minimum","","0","Monto Total de la Operación"
"fe-nc","svfe-json-schemas-new/v4/fe-nc-v4.json","svfe-json-schemas-old/fe-nc-v3.json","resumen.montoTotalOperacion","restriccion_modificada","exclusiveMinimum","0","","Monto Total de la Operación"
"fe-nc","svfe-json-schemas-new/v4/fe-nc-v4.json","svfe-json-schemas-old/fe-nc-v3.json","resumen.observaciones","agregado","campo","","tipo=string|null | requerido=si | descripcion=Observaciones | restricciones=maximum=3000","Observaciones"
"fe-nc","svfe-json-schemas-new/v4/fe-nc-v4.json","svfe-json-schemas-old/fe-nc-v3.json","resumen.reteRenta","eliminado","campo","tipo=number | requerido=si | descripcion=Retención Renta | restricciones=minimum=0; exclusiveMaximum=100000000000; multipleOf=0.01","","Retención Renta"
"fe-nc","svfe-json-schemas-new/v4/fe-nc-v4.json","svfe-json-schemas-old/fe-nc-v3.json","resumen.subTotal","eliminado","campo","tipo=number | requerido=si | descripcion=Sub-Total | restricciones=minimum=0; exclusiveMaximum=100000000000; multipleOf=0.01","","Sub-Total"
"fe-nc","svfe-json-schemas-new/v4/fe-nc-v4.json","svfe-json-schemas-old/fe-nc-v3.json","resumen.subTotalVentas","restriccion_modificada","minimum","","0","Suma de operaciones sin impuestos"
"fe-nc","svfe-json-schemas-new/v4/fe-nc-v4.json","svfe-json-schemas-old/fe-nc-v3.json","resumen.totalDescu","description_modificado","description","Total del monto de Descuento, Bonificación, Rebajas","Total de Descuento","Total de Descuento"
"fe-nc","svfe-json-schemas-new/v4/fe-nc-v4.json","svfe-json-schemas-old/fe-nc-v3.json","resumen.totalIva","agregado","campo","","tipo=number | requerido=si | descripcion=IVA 13% | restricciones=minimum=0; exclusiveMaximum=100000000000; multipleOf=0.01","IVA 13%"
"fe-nc","svfe-json-schemas-new/v4/fe-nc-v4.json","svfe-json-schemas-old/fe-nc-v3.json","resumen.totalLetras","type_modificado","type","string","string|null","Valor en Letras"
"fe-nc","svfe-json-schemas-new/v4/fe-nc-v4.json","svfe-json-schemas-old/fe-nc-v3.json","resumen.totalLetras","restriccion_modificada","minLength","","8","Valor en Letras"
"fe-nc","svfe-json-schemas-new/v4/fe-nc-v4.json","svfe-json-schemas-old/fe-nc-v3.json","resumen.totalNoGravado","agregado","campo","","tipo=number | requerido=si | descripcion=Total Cargos/Abonos que no afectan la base imponible | restricciones=exclusiveMinimum=-100000000000; exclusiveMaximum=100000000000; multipleOf=0.01","Total Cargos/Abonos que no afectan la base imponible"
"fe-nc","svfe-json-schemas-new/v4/fe-nc-v4.json","svfe-json-schemas-old/fe-nc-v3.json","resumen.totalPagar","agregado","campo","","tipo=number | requerido=si | descripcion=Total a Pagar | restricciones=minimum=0; exclusiveMaximum=100000000000; multipleOf=0.01","Total a Pagar"
"fe-nc","svfe-json-schemas-new/v4/fe-nc-v4.json","svfe-json-schemas-old/fe-nc-v3.json","resumen.tributos[].descripcion","restriccion_modificada","minLength","2","1","Nombre del Tributo"
"fe-nc","svfe-json-schemas-new/v4/fe-nc-v4.json","svfe-json-schemas-old/fe-nc-v3.json","resumen.tributos[].descripcion","restriccion_modificada","maxLength","150","300","Nombre del Tributo"
"fe-nc","svfe-json-schemas-new/v4/fe-nc-v4.json","svfe-json-schemas-old/fe-nc-v3.json","ventaTercero.codDomiciliado","agregado","campo","","tipo=integer|null | requerido=si | descripcion=Domicilio Fiscal","Domicilio Fiscal"
"fe-nc","svfe-json-schemas-new/v4/fe-nc-v4.json","svfe-json-schemas-old/fe-nc-v3.json","ventaTercero.nit","type_modificado","type","string","string|null","NIT por cuenta de Terceros"
"fe-nc","svfe-json-schemas-new/v4/fe-nc-v4.json","svfe-json-schemas-old/fe-nc-v3.json","ventaTercero.nit","restriccion_modificada","pattern","^([0-9]{14}|[0-9]{9})$","","NIT por cuenta de Terceros"
"fe-nc","svfe-json-schemas-new/v4/fe-nc-v4.json","svfe-json-schemas-old/fe-nc-v3.json","ventaTercero.nit","restriccion_modificada","minLength","","1","NIT por cuenta de Terceros"
"fe-nc","svfe-json-schemas-new/v4/fe-nc-v4.json","svfe-json-schemas-old/fe-nc-v3.json","ventaTercero.nit","restriccion_modificada","maxLength","","20","NIT por cuenta de Terceros"
"fe-nc","svfe-json-schemas-new/v4/fe-nc-v4.json","svfe-json-schemas-old/fe-nc-v3.json","ventaTercero.nombre","description_modificado","description","Nombre, denominación o razón social del Tercero","Nombre del Tercero","Nombre del Tercero"
"fe-nc","svfe-json-schemas-new/v4/fe-nc-v4.json","svfe-json-schemas-old/fe-nc-v3.json","ventaTercero.nombre","restriccion_modificada","minLength","3","1","Nombre del Tercero"
"fe-nc","svfe-json-schemas-new/v4/fe-nc-v4.json","svfe-json-schemas-old/fe-nc-v3.json","ventaTercero.nombre","restriccion_modificada","maxLength","200","250","Nombre del Tercero"
"fe-nd","svfe-json-schemas-new/v4/fe-nd-v4.json","svfe-json-schemas-old/fe-nd-v3.json","cuerpoDocumento[].","agregado","campo","","tipo=array|null | requerido=si | descripcion=Código del Tributo | restricciones=minItems=1; uniqueItems=true","Código del Tributo"
"fe-nd","svfe-json-schemas-new/v4/fe-nd-v4.json","svfe-json-schemas-old/fe-nd-v3.json","cuerpoDocumento[].[]","agregado","campo","","tipo=string | requerido=si | restricciones=minLength=2; maxLength=2",""
"fe-nd","svfe-json-schemas-new/v4/fe-nd-v4.json","svfe-json-schemas-old/fe-nd-v3.json","cuerpoDocumento[].codTributo","restriccion_modificada","enum","[null,""A8"",""57"",""90"",""D4"",""D5"",""25"",""A6""]","","Tributo sujeto a cálculo de IVA"
"fe-nd","svfe-json-schemas-new/v4/fe-nd-v4.json","svfe-json-schemas-old/fe-nd-v3.json","cuerpoDocumento[].descripcion","type_modificado","type","string|null","string","Descripción"
"fe-nd","svfe-json-schemas-new/v4/fe-nd-v4.json","svfe-json-schemas-old/fe-nd-v3.json","cuerpoDocumento[].descripcion","restriccion_modificada","minLength","","1","Descripción"
"fe-nd","svfe-json-schemas-new/v4/fe-nd-v4.json","svfe-json-schemas-old/fe-nd-v3.json","cuerpoDocumento[].descripcion","restriccion_modificada","maxLength","1000","1500","Descripción"
"fe-nd","svfe-json-schemas-new/v4/fe-nd-v4.json","svfe-json-schemas-old/fe-nd-v3.json","cuerpoDocumento[].ivaPerci","agregado","campo","","tipo=number | requerido=si | descripcion=IVA percibido | restricciones=minimum=0; exclusiveMaximum=100000000000; multipleOf=1e-8","IVA percibido"
"fe-nd","svfe-json-schemas-new/v4/fe-nd-v4.json","svfe-json-schemas-old/fe-nd-v3.json","cuerpoDocumento[].ivaRete","agregado","campo","","tipo=number | requerido=si | descripcion= IVA retenido | restricciones=minimum=0; exclusiveMaximum=100000000000; multipleOf=1e-8"," IVA retenido"
"fe-nd","svfe-json-schemas-new/v4/fe-nd-v4.json","svfe-json-schemas-old/fe-nd-v3.json","cuerpoDocumento[].montoDescu","description_modificado","description","Descuento, Bonificación, Rebajas por ítem","Descuento por ítem","Descuento por ítem"
"fe-nd","svfe-json-schemas-new/v4/fe-nd-v4.json","svfe-json-schemas-old/fe-nd-v3.json","cuerpoDocumento[].noGravado","agregado","campo","","tipo=number | requerido=si | descripcion=Cargos/Abonos que no afectan la base imponible | restricciones=exclusiveMinimum=-100000000000; exclusiveMaximum=100000000000; multipleOf=1e-8","Cargos/Abonos que no afectan la base imponible"
"fe-nd","svfe-json-schemas-new/v4/fe-nd-v4.json","svfe-json-schemas-old/fe-nd-v3.json","cuerpoDocumento[].precioUni","restriccion_modificada","minimum","","0","Precio Unitario"
"fe-nd","svfe-json-schemas-new/v4/fe-nd-v4.json","svfe-json-schemas-old/fe-nd-v3.json","cuerpoDocumento[].tipoItem","restriccion_modificada","enum","[1,2,3,4]","","Tipo de ítem"
"fe-nd","svfe-json-schemas-new/v4/fe-nd-v4.json","svfe-json-schemas-old/fe-nd-v3.json","cuerpoDocumento[].totalIva","agregado","campo","","tipo=number | requerido=si | descripcion=IVA 13% | restricciones=minimum=0; exclusiveMaximum=100000000000; multipleOf=1e-8","IVA 13%"
"fe-nd","svfe-json-schemas-new/v4/fe-nd-v4.json","svfe-json-schemas-old/fe-nd-v3.json","cuerpoDocumento[].tributos","eliminado","campo","tipo=array|null | requerido=si | descripcion=Código del Tributo | restricciones=minItems=1; uniqueItems=true","","Código del Tributo"
"fe-nd","svfe-json-schemas-new/v4/fe-nd-v4.json","svfe-json-schemas-old/fe-nd-v3.json","cuerpoDocumento[].tributos[]","eliminado","campo","tipo=string | requerido=si | restricciones=minLength=2; maxLength=2","",""
"fe-nd","svfe-json-schemas-new/v4/fe-nd-v4.json","svfe-json-schemas-old/fe-nd-v3.json","documentoRelacionado[].tipoDocumento","description_modificado","description","Tipo de Documento Tributario Relacionado","Tipo de Documento Relacionado","Tipo de Documento Relacionado"
"fe-nd","svfe-json-schemas-new/v4/fe-nd-v4.json","svfe-json-schemas-old/fe-nd-v3.json","documentoRelacionado[].tipoDocumento","restriccion_modificada","enum","[""03"",""07""]","","Tipo de Documento Relacionado"
"fe-nd","svfe-json-schemas-new/v4/fe-nd-v4.json","svfe-json-schemas-old/fe-nd-v3.json","documentoRelacionado[].tipoGeneracion","description_modificado","description","Tipo de Generación del Documento Tributario relacionado","Tipo de Generación del Documento relacionado","Tipo de Generación del Documento relacionado"
"fe-nd","svfe-json-schemas-new/v4/fe-nd-v4.json","svfe-json-schemas-old/fe-nd-v3.json","documentoRelacionado[].tipoGeneracion","restriccion_modificada","enum","[1,2]","","Tipo de Generación del Documento relacionado"
"fe-nd","svfe-json-schemas-new/v4/fe-nd-v4.json","svfe-json-schemas-old/fe-nd-v3.json","emisor.codActividad","restriccion_modificada","pattern","^[0-9]{2,6}$","","Código de Actividad Económica (Emisor)"
"fe-nd","svfe-json-schemas-new/v4/fe-nd-v4.json","svfe-json-schemas-old/fe-nd-v3.json","emisor.codActividad","restriccion_modificada","minLength","","5","Código de Actividad Económica (Emisor)"
"fe-nd","svfe-json-schemas-new/v4/fe-nd-v4.json","svfe-json-schemas-old/fe-nd-v3.json","emisor.codActividad","restriccion_modificada","maxLength","","6","Código de Actividad Económica (Emisor)"
"fe-nd","svfe-json-schemas-new/v4/fe-nd-v4.json","svfe-json-schemas-old/fe-nd-v3.json","emisor.correo","restriccion_modificada","format","email","","Correo electrónico (Emisor)"
"fe-nd","svfe-json-schemas-new/v4/fe-nd-v4.json","svfe-json-schemas-old/fe-nd-v3.json","emisor.correo","restriccion_modificada","minLength","3","1","Correo electrónico (Emisor)"
"fe-nd","svfe-json-schemas-new/v4/fe-nd-v4.json","svfe-json-schemas-old/fe-nd-v3.json","emisor.descActividad","restriccion_modificada","minLength","1","5","Actividad Económica (Emisor)"
"fe-nd","svfe-json-schemas-new/v4/fe-nd-v4.json","svfe-json-schemas-old/fe-nd-v3.json","emisor.direccion.departamento","restriccion_modificada","pattern","^0[1-9]|1[0-4]$","","Dirección Departamento (Emisor)"
"fe-nd","svfe-json-schemas-new/v4/fe-nd-v4.json","svfe-json-schemas-old/fe-nd-v3.json","emisor.direccion.distrito","agregado","campo","","tipo=string | requerido=si | descripcion=Dirección Distrito (Emisor)","Dirección Distrito (Emisor)"
"fe-nd","svfe-json-schemas-new/v4/fe-nd-v4.json","svfe-json-schemas-old/fe-nd-v3.json","emisor.direccion.municipio","restriccion_modificada","pattern","^[0-9]{2}$","","Dirección Municipio (Emisor)"
"fe-nd","svfe-json-schemas-new/v4/fe-nd-v4.json","svfe-json-schemas-old/fe-nd-v3.json","emisor.nit","restriccion_modificada","pattern","^([0-9]{14}|[0-9]{9})$","","NIT (Emisor)"
"fe-nd","svfe-json-schemas-new/v4/fe-nd-v4.json","svfe-json-schemas-old/fe-nd-v3.json","emisor.nombre","description_modificado","description","Nombre, denominación o razón social del contribuyente (Emisor)","Nombre (Emisor)","Nombre (Emisor)"
"fe-nd","svfe-json-schemas-new/v4/fe-nd-v4.json","svfe-json-schemas-old/fe-nd-v3.json","emisor.nombre","restriccion_modificada","minLength","3","1","Nombre (Emisor)"
"fe-nd","svfe-json-schemas-new/v4/fe-nd-v4.json","svfe-json-schemas-old/fe-nd-v3.json","emisor.nombre","restriccion_modificada","maxLength","200","250","Nombre (Emisor)"
"fe-nd","svfe-json-schemas-new/v4/fe-nd-v4.json","svfe-json-schemas-old/fe-nd-v3.json","emisor.nrc","type_modificado","type","string","string|null","NRC (Emisor)"
"fe-nd","svfe-json-schemas-new/v4/fe-nd-v4.json","svfe-json-schemas-old/fe-nd-v3.json","emisor.nrc","restriccion_modificada","pattern","^[0-9]{1,8}$","","NRC (Emisor)"
"fe-nd","svfe-json-schemas-new/v4/fe-nd-v4.json","svfe-json-schemas-old/fe-nd-v3.json","emisor.nrc","restriccion_modificada","minLength","","2","NRC (Emisor)"
"fe-nd","svfe-json-schemas-new/v4/fe-nd-v4.json","svfe-json-schemas-old/fe-nd-v3.json","emisor.nrc","restriccion_modificada","maxLength","","8","NRC (Emisor)"
"fe-nd","svfe-json-schemas-new/v4/fe-nd-v4.json","svfe-json-schemas-old/fe-nd-v3.json","emisor.telefono","type_modificado","type","string|null","string","Teléfono (Emisor)"
"fe-nd","svfe-json-schemas-new/v4/fe-nd-v4.json","svfe-json-schemas-old/fe-nd-v3.json","emisor.tipoEstablecimiento","eliminado","campo","tipo=string | requerido=si | descripcion=Tipo de establecimiento (Emisor) | restricciones=enum=[""01"",""02"",""04"",""07"",""20""]","","Tipo de establecimiento (Emisor)"
"fe-nd","svfe-json-schemas-new/v4/fe-nd-v4.json","svfe-json-schemas-old/fe-nd-v3.json","extension","eliminado","campo","tipo=object|null | requerido=si | descripcion=Extensión | restricciones=additionalProperties=false","","Extensión"
"fe-nd","svfe-json-schemas-new/v4/fe-nd-v4.json","svfe-json-schemas-old/fe-nd-v3.json","extension.docuEntrega","eliminado","campo","tipo=string|null | requerido=si | descripcion=Documento de identificación de quien genera el DTE | restricciones=minLength=1; maxLength=25","","Documento de identificación de quien genera el DTE"
"fe-nd","svfe-json-schemas-new/v4/fe-nd-v4.json","svfe-json-schemas-old/fe-nd-v3.json","extension.docuRecibe","eliminado","campo","tipo=string|null | requerido=si | descripcion=Documento de identificación del responsable de la operación por parte del receptor | restricciones=minLength=1; maxLength=25","","Documento de identificación del responsable de la operación por parte del receptor"
"fe-nd","svfe-json-schemas-new/v4/fe-nd-v4.json","svfe-json-schemas-old/fe-nd-v3.json","extension.nombEntrega","eliminado","campo","tipo=string|null | requerido=si | descripcion=Nombre del responsable que Genera el DTE | restricciones=minLength=1; maxLength=100","","Nombre del responsable que Genera el DTE"
"fe-nd","svfe-json-schemas-new/v4/fe-nd-v4.json","svfe-json-schemas-old/fe-nd-v3.json","extension.nombRecibe","eliminado","campo","tipo=string|null | requerido=si | descripcion=Nombre del responsable de la operación por parte del receptor | restricciones=minLength=1; maxLength=100","","Nombre del responsable de la operación por parte del receptor"
"fe-nd","svfe-json-schemas-new/v4/fe-nd-v4.json","svfe-json-schemas-old/fe-nd-v3.json","extension.observaciones","eliminado","campo","tipo=string|null | requerido=si | descripcion=Observaciones | restricciones=maxLength=3000","","Observaciones"
"fe-nd","svfe-json-schemas-new/v4/fe-nd-v4.json","svfe-json-schemas-old/fe-nd-v3.json","identificacion.codigoGeneracion","restriccion_modificada","pattern","^[A-F0-9]{8}-[A-F0-9]{4}-[A-F0-9]{4}-[A-F0-9]{4}-[A-F0-9]{12}$","^(?!.*[
])[A-F0-9]{8}-[A-F0-9]{4}-[A-F0-9]{4}-[A-F0-9]{4}-[A-F0-9]{12}$","Código de Generación"
"fe-nd","svfe-json-schemas-new/v4/fe-nd-v4.json","svfe-json-schemas-old/fe-nd-v3.json","identificacion.fusion","agregado","campo","","tipo=string|null | requerido=si | descripcion=Fusiónes y otros | restricciones=pattern=^(?!.*[
])([0-9]{14}|[0-9]{9})$","Fusiónes y otros"
"fe-nd","svfe-json-schemas-new/v4/fe-nd-v4.json","svfe-json-schemas-old/fe-nd-v3.json","identificacion.horEmi","restriccion_modificada","pattern","^(0[0-9]|1[0-9]|2[0-3]):[0-5][0-9]:[0-5][0-9]?$","^(?!.*[
])(0[0-9]|1[0-9]|2[0-3]):[0-5][0-9]:[0-5][0-9]?$","Hora de Generación"
"fe-nd","svfe-json-schemas-new/v4/fe-nd-v4.json","svfe-json-schemas-old/fe-nd-v3.json","identificacion.motivoContin","restriccion_modificada","maxLength","150","500","Motivo de Contingencia"
"fe-nd","svfe-json-schemas-new/v4/fe-nd-v4.json","svfe-json-schemas-old/fe-nd-v3.json","identificacion.numeroControl","restriccion_modificada","pattern","^DTE-06-[A-Z0-9]{8}-[0-9]{15}$","^(?!.*[
])DTE-06-(M|B|S|P)([0-9]{3})(P)([0-9]{3})-[0-9]{15}$","Número de Control"
"fe-nd","svfe-json-schemas-new/v4/fe-nd-v4.json","svfe-json-schemas-old/fe-nd-v3.json","identificacion.version","restriccion_modificada","const","3","4","Versión"
"fe-nd","svfe-json-schemas-new/v4/fe-nd-v4.json","svfe-json-schemas-old/fe-nd-v3.json","receptor.codActividad","restriccion_modificada","pattern","^[0-9]{2,6}$","","Código de Actividad Económica (Receptor)"
"fe-nd","svfe-json-schemas-new/v4/fe-nd-v4.json","svfe-json-schemas-old/fe-nd-v3.json","receptor.correo","type_modificado","type","string","string|null","Correo electrónico (Receptor)"
"fe-nd","svfe-json-schemas-new/v4/fe-nd-v4.json","svfe-json-schemas-old/fe-nd-v3.json","receptor.correo","restriccion_modificada","format","email","","Correo electrónico (Receptor)"
"fe-nd","svfe-json-schemas-new/v4/fe-nd-v4.json","svfe-json-schemas-old/fe-nd-v3.json","receptor.correo","restriccion_modificada","minLength","","1","Correo electrónico (Receptor)"
"fe-nd","svfe-json-schemas-new/v4/fe-nd-v4.json","svfe-json-schemas-old/fe-nd-v3.json","receptor.descActividad","restriccion_modificada","minLength","1","5","Actividad Económica (Receptor)"
"fe-nd","svfe-json-schemas-new/v4/fe-nd-v4.json","svfe-json-schemas-old/fe-nd-v3.json","receptor.direccion.complemento","description_modificado","description","Dirección: complemento (Receptor)","Dirección complemento (Receptor)","Dirección complemento (Receptor)"
"fe-nd","svfe-json-schemas-new/v4/fe-nd-v4.json","svfe-json-schemas-old/fe-nd-v3.json","receptor.direccion.departamento","description_modificado","description","Dirección: Departamento (Receptor)","Dirección Departamento (Receptor)","Dirección Departamento (Receptor)"
"fe-nd","svfe-json-schemas-new/v4/fe-nd-v4.json","svfe-json-schemas-old/fe-nd-v3.json","receptor.direccion.departamento","restriccion_modificada","pattern","^0[1-9]|1[0-4]$","","Dirección Departamento (Receptor)"
"fe-nd","svfe-json-schemas-new/v4/fe-nd-v4.json","svfe-json-schemas-old/fe-nd-v3.json","receptor.direccion.distrito","agregado","campo","","tipo=string | requerido=si | descripcion=Dirección Distrito (Receptor)","Dirección Distrito (Receptor)"
"fe-nd","svfe-json-schemas-new/v4/fe-nd-v4.json","svfe-json-schemas-old/fe-nd-v3.json","receptor.direccion.municipio","description_modificado","description","Dirección: Municipio (Receptor)","Dirección Municipio (Receptor)","Dirección Municipio (Receptor)"
"fe-nd","svfe-json-schemas-new/v4/fe-nd-v4.json","svfe-json-schemas-old/fe-nd-v3.json","receptor.direccion.municipio","restriccion_modificada","pattern","^[0-9]{2}$","","Dirección Municipio (Receptor)"
"fe-nd","svfe-json-schemas-new/v4/fe-nd-v4.json","svfe-json-schemas-old/fe-nd-v3.json","receptor.nit","eliminado","campo","tipo=string | requerido=si | descripcion=NIT (Receptor) | restricciones=pattern=^([0-9]{14}|[0-9]{9})$","","NIT (Receptor)"
"fe-nd","svfe-json-schemas-new/v4/fe-nd-v4.json","svfe-json-schemas-old/fe-nd-v3.json","receptor.nombre","description_modificado","description","Nombre, denominación o razón social del contribuyente (Receptor)","Nombre (Receptor)","Nombre (Receptor)"
"fe-nd","svfe-json-schemas-new/v4/fe-nd-v4.json","svfe-json-schemas-old/fe-nd-v3.json","receptor.nrc","type_modificado","type","string","string|null","NRC (Receptor)"
"fe-nd","svfe-json-schemas-new/v4/fe-nd-v4.json","svfe-json-schemas-old/fe-nd-v3.json","receptor.nrc","restriccion_modificada","pattern","^[0-9]{1,8}$","","NRC (Receptor)"
"fe-nd","svfe-json-schemas-new/v4/fe-nd-v4.json","svfe-json-schemas-old/fe-nd-v3.json","receptor.nrc","restriccion_modificada","minLength","","2","NRC (Receptor)"
"fe-nd","svfe-json-schemas-new/v4/fe-nd-v4.json","svfe-json-schemas-old/fe-nd-v3.json","receptor.nrc","restriccion_modificada","maxLength","","8","NRC (Receptor)"
"fe-nd","svfe-json-schemas-new/v4/fe-nd-v4.json","svfe-json-schemas-old/fe-nd-v3.json","receptor.numDocumento","agregado","campo","","tipo=string | requerido=si | descripcion=Número de documento de Identificación (Receptor) | restricciones=minLength=1; maxLength=20","Número de documento de Identificación (Receptor)"
"fe-nd","svfe-json-schemas-new/v4/fe-nd-v4.json","svfe-json-schemas-old/fe-nd-v3.json","receptor.tipoDocumento","agregado","campo","","tipo=string | requerido=si | descripcion=Tipo de documento de identificación (Receptor)","Tipo de documento de identificación (Receptor)"
"fe-nd","svfe-json-schemas-new/v4/fe-nd-v4.json","svfe-json-schemas-old/fe-nd-v3.json","resumen.","agregado","campo","","tipo=array|null | requerido=si | descripcion=Resumen de  | restricciones=uniqueItems=true","Resumen de "
"fe-nd","svfe-json-schemas-new/v4/fe-nd-v4.json","svfe-json-schemas-old/fe-nd-v3.json","resumen.[]","agregado","campo","","tipo=object | requerido=si | restricciones=additionalProperties=false",""
"fe-nd","svfe-json-schemas-new/v4/fe-nd-v4.json","svfe-json-schemas-old/fe-nd-v3.json","resumen.[].codigo","agregado","campo","","tipo=string | requerido=si | descripcion=Resumen Código de Tributo | restricciones=minLength=2; maxLength=2","Resumen Código de Tributo"
"fe-nd","svfe-json-schemas-new/v4/fe-nd-v4.json","svfe-json-schemas-old/fe-nd-v3.json","resumen.[].descripcion","agregado","campo","","tipo=string | requerido=si | descripcion=Nombre del Tributo | restricciones=minLength=1; maxLength=300","Nombre del Tributo"
"fe-nd","svfe-json-schemas-new/v4/fe-nd-v4.json","svfe-json-schemas-old/fe-nd-v3.json","resumen.[].valor","agregado","campo","","tipo=number | requerido=si | descripcion=Valor del Tributo | restricciones=minimum=0; exclusiveMaximum=100000000000; multipleOf=0.01","Valor del Tributo"
"fe-nd","svfe-json-schemas-new/v4/fe-nd-v4.json","svfe-json-schemas-old/fe-nd-v3.json","resumen.codigoRetencionMH","agregado","campo","","tipo=string|null | requerido=si | descripcion=Código retención MH | restricciones=maximum=2","Código retención MH"
"fe-nd","svfe-json-schemas-new/v4/fe-nd-v4.json","svfe-json-schemas-old/fe-nd-v3.json","resumen.condicionOperacion","restriccion_modificada","enum","[1,2,3]","","Condición de la Operación"
"fe-nd","svfe-json-schemas-new/v4/fe-nd-v4.json","svfe-json-schemas-old/fe-nd-v3.json","resumen.descuExenta","eliminado","campo","tipo=number | requerido=si | descripcion=Monto global de Descuento, Bonificación, Rebajas y otros a ventas exentas | restricciones=minimum=0; exclusiveMaximum=100000000000; multipleOf=0.01","","Monto global de Descuento, Bonificación, Rebajas y otros a ventas exentas"
"fe-nd","svfe-json-schemas-new/v4/fe-nd-v4.json","svfe-json-schemas-old/fe-nd-v3.json","resumen.descuGravada","eliminado","campo","tipo=number | requerido=si | descripcion=Monto global de Descuento, Bonificación, Rebajas y otros a ventas gravadas | restricciones=minimum=0; exclusiveMaximum=100000000000; multipleOf=0.01","","Monto global de Descuento, Bonificación, Rebajas y otros a ventas gravadas"
"fe-nd","svfe-json-schemas-new/v4/fe-nd-v4.json","svfe-json-schemas-old/fe-nd-v3.json","resumen.descuNoSuj","eliminado","campo","tipo=number | requerido=si | descripcion=Monto global de Descuento, Bonificación, Rebajas y otros a ventas no sujetas | restricciones=minimum=0; exclusiveMaximum=100000000000; multipleOf=0.01","","Monto global de Descuento, Bonificación, Rebajas y otros a ventas no sujetas"
"fe-nd","svfe-json-schemas-new/v4/fe-nd-v4.json","svfe-json-schemas-old/fe-nd-v3.json","resumen.ivaPerci","agregado","campo","","tipo=number | requerido=si | descripcion=IVA Percibido | restricciones=minimum=0; exclusiveMaximum=100000000000; multipleOf=0.01","IVA Percibido"
"fe-nd","svfe-json-schemas-new/v4/fe-nd-v4.json","svfe-json-schemas-old/fe-nd-v3.json","resumen.ivaPerci1","eliminado","campo","tipo=number | requerido=si | descripcion=IVA Percibido | restricciones=minimum=0; exclusiveMaximum=100000000000; multipleOf=0.01","","IVA Percibido"
"fe-nd","svfe-json-schemas-new/v4/fe-nd-v4.json","svfe-json-schemas-old/fe-nd-v3.json","resumen.ivaRete","agregado","campo","","tipo=number | requerido=si | descripcion=IVA Retenido | restricciones=minimum=0; exclusiveMaximum=100000000000; multipleOf=0.01","IVA Retenido"
"fe-nd","svfe-json-schemas-new/v4/fe-nd-v4.json","svfe-json-schemas-old/fe-nd-v3.json","resumen.ivaRete1","eliminado","campo","tipo=number | requerido=si | descripcion=IVA Retenido | restricciones=minimum=0; exclusiveMaximum=100000000000; multipleOf=0.01","","IVA Retenido"
"fe-nd","svfe-json-schemas-new/v4/fe-nd-v4.json","svfe-json-schemas-old/fe-nd-v3.json","resumen.montoTotalOperacion","restriccion_modificada","minimum","","0","Monto Total de la Operación"
"fe-nd","svfe-json-schemas-new/v4/fe-nd-v4.json","svfe-json-schemas-old/fe-nd-v3.json","resumen.montoTotalOperacion","restriccion_modificada","exclusiveMinimum","0","","Monto Total de la Operación"
"fe-nd","svfe-json-schemas-new/v4/fe-nd-v4.json","svfe-json-schemas-old/fe-nd-v3.json","resumen.observaciones","agregado","campo","","tipo=string|null | requerido=si | descripcion=Observaciones | restricciones=maximum=3000","Observaciones"
"fe-nd","svfe-json-schemas-new/v4/fe-nd-v4.json","svfe-json-schemas-old/fe-nd-v3.json","resumen.reteRenta","eliminado","campo","tipo=number | requerido=si | descripcion=Retención Renta | restricciones=minimum=0; exclusiveMaximum=100000000000; multipleOf=0.01","","Retención Renta"
"fe-nd","svfe-json-schemas-new/v4/fe-nd-v4.json","svfe-json-schemas-old/fe-nd-v3.json","resumen.subTotal","eliminado","campo","tipo=number | requerido=si | descripcion=Sub-Total | restricciones=minimum=0; exclusiveMaximum=100000000000; multipleOf=0.01","","Sub-Total"
"fe-nd","svfe-json-schemas-new/v4/fe-nd-v4.json","svfe-json-schemas-old/fe-nd-v3.json","resumen.subTotalVentas","restriccion_modificada","minimum","","0","Suma de operaciones sin impuestos"
"fe-nd","svfe-json-schemas-new/v4/fe-nd-v4.json","svfe-json-schemas-old/fe-nd-v3.json","resumen.totalDescu","description_modificado","description","Total del monto de Descuento, Bonificación, Rebajas","Total de Descuento","Total de Descuento"
"fe-nd","svfe-json-schemas-new/v4/fe-nd-v4.json","svfe-json-schemas-old/fe-nd-v3.json","resumen.totalIva","agregado","campo","","tipo=number | requerido=si | descripcion=IVA 13% | restricciones=minimum=0; exclusiveMaximum=100000000000; multipleOf=0.01","IVA 13%"
"fe-nd","svfe-json-schemas-new/v4/fe-nd-v4.json","svfe-json-schemas-old/fe-nd-v3.json","resumen.totalLetras","type_modificado","type","string","string|null","Valor en Letras"
"fe-nd","svfe-json-schemas-new/v4/fe-nd-v4.json","svfe-json-schemas-old/fe-nd-v3.json","resumen.totalLetras","restriccion_modificada","minLength","","8","Valor en Letras"
"fe-nd","svfe-json-schemas-new/v4/fe-nd-v4.json","svfe-json-schemas-old/fe-nd-v3.json","resumen.totalNoGravado","agregado","campo","","tipo=number | requerido=si | descripcion=Total Cargos/Abonos que no afectan la base imponible | restricciones=exclusiveMinimum=-100000000000; exclusiveMaximum=100000000000; multipleOf=0.01","Total Cargos/Abonos que no afectan la base imponible"
"fe-nd","svfe-json-schemas-new/v4/fe-nd-v4.json","svfe-json-schemas-old/fe-nd-v3.json","resumen.totalPagar","agregado","campo","","tipo=number | requerido=si | descripcion=Total a Pagar | restricciones=minimum=0; exclusiveMaximum=100000000000; multipleOf=0.01","Total a Pagar"
"fe-nd","svfe-json-schemas-new/v4/fe-nd-v4.json","svfe-json-schemas-old/fe-nd-v3.json","resumen.tributos","eliminado","campo","tipo=array|null | requerido=si | descripcion=Resumen de tributos | restricciones=uniqueItems=true","","Resumen de tributos"
"fe-nd","svfe-json-schemas-new/v4/fe-nd-v4.json","svfe-json-schemas-old/fe-nd-v3.json","resumen.tributos[]","eliminado","campo","tipo=object | requerido=si | restricciones=additionalProperties=false","",""
"fe-nd","svfe-json-schemas-new/v4/fe-nd-v4.json","svfe-json-schemas-old/fe-nd-v3.json","resumen.tributos[].codigo","eliminado","campo","tipo=string | requerido=si | descripcion=Resumen Código de Tributo | restricciones=minLength=2; maxLength=2","","Resumen Código de Tributo"
"fe-nd","svfe-json-schemas-new/v4/fe-nd-v4.json","svfe-json-schemas-old/fe-nd-v3.json","resumen.tributos[].descripcion","eliminado","campo","tipo=string | requerido=si | descripcion=Nombre del Tributo | restricciones=minLength=2; maxLength=150","","Nombre del Tributo"
"fe-nd","svfe-json-schemas-new/v4/fe-nd-v4.json","svfe-json-schemas-old/fe-nd-v3.json","resumen.tributos[].valor","eliminado","campo","tipo=number | requerido=si | descripcion=Valor del Tributo | restricciones=minimum=0; exclusiveMaximum=100000000000; multipleOf=0.01","","Valor del Tributo"
"fe-nd","svfe-json-schemas-new/v4/fe-nd-v4.json","svfe-json-schemas-old/fe-nd-v3.json","ventaTercero.codDomiciliado","agregado","campo","","tipo=integer|null | requerido=si | descripcion=Domicilio Fiscal","Domicilio Fiscal"
"fe-nd","svfe-json-schemas-new/v4/fe-nd-v4.json","svfe-json-schemas-old/fe-nd-v3.json","ventaTercero.nit","type_modificado","type","string","string|null","NIT por cuenta de Terceros"
"fe-nd","svfe-json-schemas-new/v4/fe-nd-v4.json","svfe-json-schemas-old/fe-nd-v3.json","ventaTercero.nit","restriccion_modificada","pattern","^([0-9]{14}|[0-9]{9})$","","NIT por cuenta de Terceros"
"fe-nd","svfe-json-schemas-new/v4/fe-nd-v4.json","svfe-json-schemas-old/fe-nd-v3.json","ventaTercero.nit","restriccion_modificada","minLength","","1","NIT por cuenta de Terceros"
"fe-nd","svfe-json-schemas-new/v4/fe-nd-v4.json","svfe-json-schemas-old/fe-nd-v3.json","ventaTercero.nit","restriccion_modificada","maxLength","","20","NIT por cuenta de Terceros"
"fe-nd","svfe-json-schemas-new/v4/fe-nd-v4.json","svfe-json-schemas-old/fe-nd-v3.json","ventaTercero.nombre","description_modificado","description","Nombre, denominación o razón social del Tercero","Nombre del Tercero","Nombre del Tercero"
"fe-nd","svfe-json-schemas-new/v4/fe-nd-v4.json","svfe-json-schemas-old/fe-nd-v3.json","ventaTercero.nombre","restriccion_modificada","minLength","3","1","Nombre del Tercero"
"fe-nd","svfe-json-schemas-new/v4/fe-nd-v4.json","svfe-json-schemas-old/fe-nd-v3.json","ventaTercero.nombre","restriccion_modificada","maxLength","200","250","Nombre del Tercero"
"fe-nr","svfe-json-schemas-new/v4/fe-nr-v4.json","svfe-json-schemas-old/fe-nr-v3.json","cuerpoDocumento[].codTributo","restriccion_modificada","enum","[null,""A8"",""57"",""90"",""D4"",""D5"",""25"",""A6""]","","Tributo sujeto a cálculo de IVA"
"fe-nr","svfe-json-schemas-new/v4/fe-nr-v4.json","svfe-json-schemas-old/fe-nr-v3.json","cuerpoDocumento[].descripcion","restriccion_modificada","minLength","","1","Descripción"
"fe-nr","svfe-json-schemas-new/v4/fe-nr-v4.json","svfe-json-schemas-old/fe-nr-v3.json","cuerpoDocumento[].descripcion","restriccion_modificada","maxLength","1000","1500","Descripción"
"fe-nr","svfe-json-schemas-new/v4/fe-nr-v4.json","svfe-json-schemas-old/fe-nr-v3.json","cuerpoDocumento[].montoDescu","description_modificado","description","Descuento, Bonificación, Rebajas por ítem","Descuento por ítem","Descuento por ítem"
"fe-nr","svfe-json-schemas-new/v4/fe-nr-v4.json","svfe-json-schemas-old/fe-nr-v3.json","cuerpoDocumento[].precioUni","restriccion_modificada","minimum","","0","Precio Unitario"
"fe-nr","svfe-json-schemas-new/v4/fe-nr-v4.json","svfe-json-schemas-old/fe-nr-v3.json","cuerpoDocumento[].tipoItem","restriccion_modificada","enum","[1,2,3,4]","","Tipo de ítem"
"fe-nr","svfe-json-schemas-new/v4/fe-nr-v4.json","svfe-json-schemas-old/fe-nr-v3.json","documentoRelacionado[].tipoDocumento","description_modificado","description","Tipo de Documento Tributario Relacionado","Tipo de Documento Relacionado","Tipo de Documento Relacionado"
"fe-nr","svfe-json-schemas-new/v4/fe-nr-v4.json","svfe-json-schemas-old/fe-nr-v3.json","documentoRelacionado[].tipoDocumento","restriccion_modificada","enum","[""01"",""03""]","[""01"",""03"",""11""]","Tipo de Documento Relacionado"
"fe-nr","svfe-json-schemas-new/v4/fe-nr-v4.json","svfe-json-schemas-old/fe-nr-v3.json","documentoRelacionado[].tipoGeneracion","description_modificado","description","Tipo de Generación del Documento Tributario relacionado","Tipo de Generación del Documento relacionado","Tipo de Generación del Documento relacionado"
"fe-nr","svfe-json-schemas-new/v4/fe-nr-v4.json","svfe-json-schemas-old/fe-nr-v3.json","emisor.codActividad","restriccion_modificada","minLength","","5","Código de Actividad Económica (Emisor)"
"fe-nr","svfe-json-schemas-new/v4/fe-nr-v4.json","svfe-json-schemas-old/fe-nr-v3.json","emisor.codActividad","restriccion_modificada","maxLength","","6","Código de Actividad Económica (Emisor)"
"fe-nr","svfe-json-schemas-new/v4/fe-nr-v4.json","svfe-json-schemas-old/fe-nr-v3.json","emisor.codEstable","description_modificado","description","Código del establecimiento asignado por el contribuyente","Código del establecimiento asignado por el contribuyente.","Código del establecimiento asignado por el contribuyente."
"fe-nr","svfe-json-schemas-new/v4/fe-nr-v4.json","svfe-json-schemas-old/fe-nr-v3.json","emisor.codEstable","restriccion_modificada","minLength","1","4","Código del establecimiento asignado por el contribuyente."
"fe-nr","svfe-json-schemas-new/v4/fe-nr-v4.json","svfe-json-schemas-old/fe-nr-v3.json","emisor.codEstable","restriccion_modificada","maxLength","10","4","Código del establecimiento asignado por el contribuyente."
"fe-nr","svfe-json-schemas-new/v4/fe-nr-v4.json","svfe-json-schemas-old/fe-nr-v3.json","emisor.codEstableMH","eliminado","campo","tipo=string|null | requerido=si | descripcion=Código del establecimiento asignado por el MH | restricciones=minLength=4; maxLength=4","","Código del establecimiento asignado por el MH"
"fe-nr","svfe-json-schemas-new/v4/fe-nr-v4.json","svfe-json-schemas-old/fe-nr-v3.json","emisor.codPuntoVentaMH","eliminado","campo","tipo=string|null | requerido=si | descripcion=Código del Punto de Venta (Emisor) Asignado por el MH | restricciones=minLength=4; maxLength=4","","Código del Punto de Venta (Emisor) Asignado por el MH"
"fe-nr","svfe-json-schemas-new/v4/fe-nr-v4.json","svfe-json-schemas-old/fe-nr-v3.json","emisor.correo","restriccion_modificada","format","email","","Correo electrónico (Emisor)"
"fe-nr","svfe-json-schemas-new/v4/fe-nr-v4.json","svfe-json-schemas-old/fe-nr-v3.json","emisor.correo","restriccion_modificada","minLength","3","6","Correo electrónico (Emisor)"
"fe-nr","svfe-json-schemas-new/v4/fe-nr-v4.json","svfe-json-schemas-old/fe-nr-v3.json","emisor.descActividad","restriccion_modificada","minLength","1","5","Actividad Económica (Emisor)"
"fe-nr","svfe-json-schemas-new/v4/fe-nr-v4.json","svfe-json-schemas-old/fe-nr-v3.json","emisor.direccion.departamento","restriccion_modificada","pattern","^0[1-9]|1[0-4]$","","Dirección Departamento (Emisor)"
"fe-nr","svfe-json-schemas-new/v4/fe-nr-v4.json","svfe-json-schemas-old/fe-nr-v3.json","emisor.direccion.distrito","agregado","campo","","tipo=string | requerido=si | descripcion=Dirección Distrito (Emisor)","Dirección Distrito (Emisor)"
"fe-nr","svfe-json-schemas-new/v4/fe-nr-v4.json","svfe-json-schemas-old/fe-nr-v3.json","emisor.direccion.municipio","restriccion_modificada","pattern","^[0-9]{2}$","","Dirección Municipio (Emisor)"
"fe-nr","svfe-json-schemas-new/v4/fe-nr-v4.json","svfe-json-schemas-old/fe-nr-v3.json","emisor.nombre","description_modificado","description","Nombre, denominación o razón social del contribuyente (Emisor)","Nombre (Emisor)","Nombre (Emisor)"
"fe-nr","svfe-json-schemas-new/v4/fe-nr-v4.json","svfe-json-schemas-old/fe-nr-v3.json","emisor.nombre","restriccion_modificada","minLength","3","1","Nombre (Emisor)"
"fe-nr","svfe-json-schemas-new/v4/fe-nr-v4.json","svfe-json-schemas-old/fe-nr-v3.json","emisor.nombre","restriccion_modificada","maxLength","200","250","Nombre (Emisor)"
"fe-nr","svfe-json-schemas-new/v4/fe-nr-v4.json","svfe-json-schemas-old/fe-nr-v3.json","emisor.nrc","restriccion_modificada","pattern","^[0-9]{1,8}$","^[0-9]{2,8}$","NRC (Emisor)"
"fe-nr","svfe-json-schemas-new/v4/fe-nr-v4.json","svfe-json-schemas-old/fe-nr-v3.json","emisor.nrc","restriccion_modificada","minLength","","2","NRC (Emisor)"
"fe-nr","svfe-json-schemas-new/v4/fe-nr-v4.json","svfe-json-schemas-old/fe-nr-v3.json","emisor.nrc","restriccion_modificada","maxLength","","8","NRC (Emisor)"
"fe-nr","svfe-json-schemas-new/v4/fe-nr-v4.json","svfe-json-schemas-old/fe-nr-v3.json","emisor.tipoEstablecimiento","eliminado","campo","tipo=string | requerido=si | descripcion=Tipo de establecimiento (Emisor) | restricciones=enum=[""01"",""02"",""04"",""07"",""20""]","","Tipo de establecimiento (Emisor)"
"fe-nr","svfe-json-schemas-new/v4/fe-nr-v4.json","svfe-json-schemas-old/fe-nr-v3.json","extension","eliminado","campo","tipo=object|null | requerido=si | descripcion=Extensión | restricciones=additionalProperties=false","","Extensión"
"fe-nr","svfe-json-schemas-new/v4/fe-nr-v4.json","svfe-json-schemas-old/fe-nr-v3.json","extension.docuEntrega","eliminado","campo","tipo=string|null | requerido=si | descripcion=Documento de identificación de quien genera el DTE | restricciones=minLength=1; maxLength=25","","Documento de identificación de quien genera el DTE"
"fe-nr","svfe-json-schemas-new/v4/fe-nr-v4.json","svfe-json-schemas-old/fe-nr-v3.json","extension.docuRecibe","eliminado","campo","tipo=string|null | requerido=si | descripcion=Documento de identificación del responsable de la operación por parte del receptor | restricciones=minLength=1; maxLength=25","","Documento de identificación del responsable de la operación por parte del receptor"
"fe-nr","svfe-json-schemas-new/v4/fe-nr-v4.json","svfe-json-schemas-old/fe-nr-v3.json","extension.nombEntrega","eliminado","campo","tipo=string|null | requerido=si | descripcion=Nombre del responsable que Genera el DTE | restricciones=minLength=1; maxLength=100","","Nombre del responsable que Genera el DTE"
"fe-nr","svfe-json-schemas-new/v4/fe-nr-v4.json","svfe-json-schemas-old/fe-nr-v3.json","extension.nombRecibe","eliminado","campo","tipo=string|null | requerido=si | descripcion=Nombre del responsable de la operación por parte del receptor | restricciones=minLength=1; maxLength=100","","Nombre del responsable de la operación por parte del receptor"
"fe-nr","svfe-json-schemas-new/v4/fe-nr-v4.json","svfe-json-schemas-old/fe-nr-v3.json","extension.observaciones","eliminado","campo","tipo=string|null | requerido=si | descripcion=Observaciones | restricciones=maxLength=3000","","Observaciones"
"fe-nr","svfe-json-schemas-new/v4/fe-nr-v4.json","svfe-json-schemas-old/fe-nr-v3.json","identificacion.motivoContin","restriccion_modificada","maxLength","150","500","Motivo de Contingencia"
"fe-nr","svfe-json-schemas-new/v4/fe-nr-v4.json","svfe-json-schemas-old/fe-nr-v3.json","identificacion.numeroControl","restriccion_modificada","pattern","^DTE-04-[A-Z0-9]{8}-[0-9]{15}$","^DTE-04-(M|B|S|P)([0-9]{3})(P)([0-9]{3})-[0-9]{15}$","Número de Control"
"fe-nr","svfe-json-schemas-new/v4/fe-nr-v4.json","svfe-json-schemas-old/fe-nr-v3.json","identificacion.version","restriccion_modificada","const","3","4","Versión"
"fe-nr","svfe-json-schemas-new/v4/fe-nr-v4.json","svfe-json-schemas-old/fe-nr-v3.json","receptor.codActividad","type_modificado","type","string|null","string","Código de Actividad Económica (Receptor)"
"fe-nr","svfe-json-schemas-new/v4/fe-nr-v4.json","svfe-json-schemas-old/fe-nr-v3.json","receptor.codActividad","restriccion_modificada","pattern","^[0-9]{2,6}$","","Código de Actividad Económica (Receptor)"
"fe-nr","svfe-json-schemas-new/v4/fe-nr-v4.json","svfe-json-schemas-old/fe-nr-v3.json","receptor.correo","type_modificado","type","string","string|null","Correo electrónico (Receptor)"
"fe-nr","svfe-json-schemas-new/v4/fe-nr-v4.json","svfe-json-schemas-old/fe-nr-v3.json","receptor.correo","restriccion_modificada","format","email","","Correo electrónico (Receptor)"
"fe-nr","svfe-json-schemas-new/v4/fe-nr-v4.json","svfe-json-schemas-old/fe-nr-v3.json","receptor.correo","restriccion_modificada","minLength","","6","Correo electrónico (Receptor)"
"fe-nr","svfe-json-schemas-new/v4/fe-nr-v4.json","svfe-json-schemas-old/fe-nr-v3.json","receptor.descActividad","type_modificado","type","string|null","string","Actividad Económica (Receptor)"
"fe-nr","svfe-json-schemas-new/v4/fe-nr-v4.json","svfe-json-schemas-old/fe-nr-v3.json","receptor.descActividad","restriccion_modificada","minLength","1","5","Actividad Económica (Receptor)"
"fe-nr","svfe-json-schemas-new/v4/fe-nr-v4.json","svfe-json-schemas-old/fe-nr-v3.json","receptor.direccion","type_modificado","type","object","null|object","Dirección (Receptor)"
"fe-nr","svfe-json-schemas-new/v4/fe-nr-v4.json","svfe-json-schemas-old/fe-nr-v3.json","receptor.direccion.departamento","restriccion_modificada","pattern","^0[1-9]|1[0-4]$","","Dirección: Departamento (Receptor)"
"fe-nr","svfe-json-schemas-new/v4/fe-nr-v4.json","svfe-json-schemas-old/fe-nr-v3.json","receptor.direccion.distrito","agregado","campo","","tipo=string | requerido=si | descripcion=Dirección Distrito (Emisor)","Dirección Distrito (Emisor)"
"fe-nr","svfe-json-schemas-new/v4/fe-nr-v4.json","svfe-json-schemas-old/fe-nr-v3.json","receptor.direccion.municipio","restriccion_modificada","pattern","^[0-9]{2}$","","Dirección: Municipio (Receptor)"
"fe-nr","svfe-json-schemas-new/v4/fe-nr-v4.json","svfe-json-schemas-old/fe-nr-v3.json","receptor.nombre","description_modificado","description","Nombre, denominación o razón social del contribuyente (Receptor)","Nombre (Receptor)","Nombre (Receptor)"
"fe-nr","svfe-json-schemas-new/v4/fe-nr-v4.json","svfe-json-schemas-old/fe-nr-v3.json","receptor.nrc","restriccion_modificada","pattern","^[0-9]{1,8}$","","NRC (Receptor)"
"fe-nr","svfe-json-schemas-new/v4/fe-nr-v4.json","svfe-json-schemas-old/fe-nr-v3.json","receptor.numDocumento","restriccion_modificada","minLength","3","1","Número de documento de Identificación (Receptor)"
"fe-nr","svfe-json-schemas-new/v4/fe-nr-v4.json","svfe-json-schemas-old/fe-nr-v3.json","receptor.tipoDocumento","restriccion_modificada","enum","[""36"",""13"",""02"",""03"",""37""]","","Tipo de documento de identificación (Receptor)"
"fe-nr","svfe-json-schemas-new/v4/fe-nr-v4.json","svfe-json-schemas-old/fe-nr-v3.json","resumen.descuExenta","description_modificado","description","Monto global de Descuento, Bonificación, Rebajas y otros a ventas exentas","Descuento global ventas exentas","Descuento global ventas exentas"
"fe-nr","svfe-json-schemas-new/v4/fe-nr-v4.json","svfe-json-schemas-old/fe-nr-v3.json","resumen.descuGravada","description_modificado","description","Monto global de Descuento, Bonificación, Rebajas y otros a ventas gravadas","Descuento global ventas gravadas","Descuento global ventas gravadas"
"fe-nr","svfe-json-schemas-new/v4/fe-nr-v4.json","svfe-json-schemas-old/fe-nr-v3.json","resumen.descuNoSuj","description_modificado","description","Monto global de Descuento, Bonificación, Rebajas y otros a ventas no sujetas","Descuento global ventas no sujetas","Descuento global ventas no sujetas"
"fe-nr","svfe-json-schemas-new/v4/fe-nr-v4.json","svfe-json-schemas-old/fe-nr-v3.json","resumen.observaciones","agregado","campo","","tipo=string|null | requerido=si | descripcion=Observaciones | restricciones=maxLength=3000","Observaciones"
"fe-nr","svfe-json-schemas-new/v4/fe-nr-v4.json","svfe-json-schemas-old/fe-nr-v3.json","resumen.porcentajeDescuento","type_modificado","type","number|null","number","Porcentaje de Descuento"
"fe-nr","svfe-json-schemas-new/v4/fe-nr-v4.json","svfe-json-schemas-old/fe-nr-v3.json","resumen.porcentajeDescuento","description_modificado","description","Porcentaje del monto global de Descuento, Bonificación, Rebajas y otros","Porcentaje de Descuento","Porcentaje de Descuento"
"fe-nr","svfe-json-schemas-new/v4/fe-nr-v4.json","svfe-json-schemas-old/fe-nr-v3.json","resumen.subTotalVentas","description_modificado","description","Suma de operaciones sin impuestos","Suma de operaciones","Suma de operaciones"
"fe-nr","svfe-json-schemas-new/v4/fe-nr-v4.json","svfe-json-schemas-old/fe-nr-v3.json","resumen.totalDescu","description_modificado","description","Total del monto de Descuento, Bonificación, Rebajas","Total de descuento","Total de descuento"
"fe-nr","svfe-json-schemas-new/v4/fe-nr-v4.json","svfe-json-schemas-old/fe-nr-v3.json","resumen.totalLetras","type_modificado","type","string","string|null","Valor en Letras"
"fe-nr","svfe-json-schemas-new/v4/fe-nr-v4.json","svfe-json-schemas-old/fe-nr-v3.json","resumen.totalLetras","restriccion_modificada","minLength","","1","Valor en Letras"
"fe-nr","svfe-json-schemas-new/v4/fe-nr-v4.json","svfe-json-schemas-old/fe-nr-v3.json","resumen.tributos[].descripcion","restriccion_modificada","minLength","2","1","Nombre del Tributo"
"fe-nr","svfe-json-schemas-new/v4/fe-nr-v4.json","svfe-json-schemas-old/fe-nr-v3.json","resumen.tributos[].descripcion","restriccion_modificada","maxLength","150","300","Nombre del Tributo"
"fe-nr","svfe-json-schemas-new/v4/fe-nr-v4.json","svfe-json-schemas-old/fe-nr-v3.json","ventaTercero.codDomiciliado","agregado","campo","","tipo=integer|null | requerido=si | descripcion=Domicilio Fiscal","Domicilio Fiscal"
"fe-nr","svfe-json-schemas-new/v4/fe-nr-v4.json","svfe-json-schemas-old/fe-nr-v3.json","ventaTercero.nit","type_modificado","type","string","string|null","NIT por cuenta de Terceros"
"fe-nr","svfe-json-schemas-new/v4/fe-nr-v4.json","svfe-json-schemas-old/fe-nr-v3.json","ventaTercero.nit","restriccion_modificada","pattern","^([0-9]{14}|[0-9]{9})$","","NIT por cuenta de Terceros"
"fe-nr","svfe-json-schemas-new/v4/fe-nr-v4.json","svfe-json-schemas-old/fe-nr-v3.json","ventaTercero.nit","restriccion_modificada","minLength","","1","NIT por cuenta de Terceros"
"fe-nr","svfe-json-schemas-new/v4/fe-nr-v4.json","svfe-json-schemas-old/fe-nr-v3.json","ventaTercero.nit","restriccion_modificada","maxLength","14","20","NIT por cuenta de Terceros"
"fe-nr","svfe-json-schemas-new/v4/fe-nr-v4.json","svfe-json-schemas-old/fe-nr-v3.json","ventaTercero.nombre","description_modificado","description","Nombre, denominación o razón social del Tercero","Nombre del Tercero","Nombre del Tercero"
"fe-nr","svfe-json-schemas-new/v4/fe-nr-v4.json","svfe-json-schemas-old/fe-nr-v3.json","ventaTercero.nombre","restriccion_modificada","maxLength","200","250","Nombre del Tercero"
"invalidacion-schema","svfe-json-schemas-new/v3/invalidacion-schema-v3.json","svfe-json-schemas-old/anulacion-schema-v2.json","documento.codigoGeneracion","description_modificado","description","Codigo Generacion","Codigo de generacion del DTE","Codigo de generacion del DTE"
"invalidacion-schema","svfe-json-schemas-new/v3/invalidacion-schema-v3.json","svfe-json-schemas-old/anulacion-schema-v2.json","documento.codigoGeneracion","restriccion_modificada","pattern","^[A-F0-9]{8}-[A-F0-9]{4}-[A-F0-9]{4}-[A-F0-9]{4}-[A-F0-9]{12}$","","Codigo de generacion del DTE"
"invalidacion-schema","svfe-json-schemas-new/v3/invalidacion-schema-v3.json","svfe-json-schemas-old/anulacion-schema-v2.json","documento.codigoGeneracionR","description_modificado","description","Codigo Generacion que reemplaza","Codigo Generación del documento que reemplaza al invalidado","Codigo Generación del documento que reemplaza al invalidado"
"invalidacion-schema","svfe-json-schemas-new/v3/invalidacion-schema-v3.json","svfe-json-schemas-old/anulacion-schema-v2.json","documento.codigoGeneracionR","restriccion_modificada","pattern","^[A-F0-9]{8}-[A-F0-9]{4}-[A-F0-9]{4}-[A-F0-9]{4}-[A-F0-9]{12}$","","Codigo Generación del documento que reemplaza al invalidado"
"invalidacion-schema","svfe-json-schemas-new/v3/invalidacion-schema-v3.json","svfe-json-schemas-old/anulacion-schema-v2.json","documento.correo","type_modificado","type","string","string|null","Correo electronico del receptor"
"invalidacion-schema","svfe-json-schemas-new/v3/invalidacion-schema-v3.json","svfe-json-schemas-old/anulacion-schema-v2.json","documento.correo","requerido_modificado","required","no","si","Correo electronico del receptor"
"invalidacion-schema","svfe-json-schemas-new/v3/invalidacion-schema-v3.json","svfe-json-schemas-old/anulacion-schema-v2.json","documento.correo","restriccion_modificada","format","email","","Correo electronico del receptor"
"invalidacion-schema","svfe-json-schemas-new/v3/invalidacion-schema-v3.json","svfe-json-schemas-old/anulacion-schema-v2.json","documento.fecEmi","description_modificado","description","Fecha de emision (formato yyyy-mm-dd)","Fecha de generación del DTE","Fecha de generación del DTE"
"invalidacion-schema","svfe-json-schemas-new/v3/invalidacion-schema-v3.json","svfe-json-schemas-old/anulacion-schema-v2.json","documento.montoIva","eliminado","campo","tipo=number|null | requerido=si | descripcion=Monto IVA | restricciones=minimum=0; exclusiveMaximum=100000000000; multipleOf=0.01","","Monto IVA"
"invalidacion-schema","svfe-json-schemas-new/v3/invalidacion-schema-v3.json","svfe-json-schemas-old/anulacion-schema-v2.json","documento.nombre","type_modificado","type","string","string|null","Nombre (Receptor)"
"invalidacion-schema","svfe-json-schemas-new/v3/invalidacion-schema-v3.json","svfe-json-schemas-old/anulacion-schema-v2.json","documento.nombre","description_modificado","description","Nombre/Denominacion/Razon social","Nombre (Receptor)","Nombre (Receptor)"
"invalidacion-schema","svfe-json-schemas-new/v3/invalidacion-schema-v3.json","svfe-json-schemas-old/anulacion-schema-v2.json","documento.nombre","restriccion_modificada","minLength","5","1","Nombre (Receptor)"
"invalidacion-schema","svfe-json-schemas-new/v3/invalidacion-schema-v3.json","svfe-json-schemas-old/anulacion-schema-v2.json","documento.nombre","restriccion_modificada","maxLength","200","250","Nombre (Receptor)"
"invalidacion-schema","svfe-json-schemas-new/v3/invalidacion-schema-v3.json","svfe-json-schemas-old/anulacion-schema-v2.json","documento.numDocumento","type_modificado","type","string","string|null","Número de documento de Identificación (Receptor)"
"invalidacion-schema","svfe-json-schemas-new/v3/invalidacion-schema-v3.json","svfe-json-schemas-old/anulacion-schema-v2.json","documento.numDocumento","description_modificado","description","Número de documento de Identificación ","Número de documento de Identificación (Receptor)","Número de documento de Identificación (Receptor)"
"invalidacion-schema","svfe-json-schemas-new/v3/invalidacion-schema-v3.json","svfe-json-schemas-old/anulacion-schema-v2.json","documento.numDocumento","restriccion_modificada","minLength","3","1","Número de documento de Identificación (Receptor)"
"invalidacion-schema","svfe-json-schemas-new/v3/invalidacion-schema-v3.json","svfe-json-schemas-old/anulacion-schema-v2.json","documento.numeroControl","type_modificado","type","string","string|null","Numero de Control del DTE"
"invalidacion-schema","svfe-json-schemas-new/v3/invalidacion-schema-v3.json","svfe-json-schemas-old/anulacion-schema-v2.json","documento.numeroControl","description_modificado","description","Numero control","Numero de Control del DTE","Numero de Control del DTE"
"invalidacion-schema","svfe-json-schemas-new/v3/invalidacion-schema-v3.json","svfe-json-schemas-old/anulacion-schema-v2.json","documento.numeroControl","restriccion_modificada","pattern","^DTE-0[0-9]|1[0-2]-[A-Z0-9]{8}-[0-9]{15}$","","Numero de Control del DTE"
"invalidacion-schema","svfe-json-schemas-new/v3/invalidacion-schema-v3.json","svfe-json-schemas-old/anulacion-schema-v2.json","documento.selloRecibido","restriccion_modificada","pattern","^[A-Z0-9]{40}$","","Sello de recepcion"
"invalidacion-schema","svfe-json-schemas-new/v3/invalidacion-schema-v3.json","svfe-json-schemas-old/anulacion-schema-v2.json","documento.telefono","requerido_modificado","required","no","si","Teléfono (Receptor)"
"invalidacion-schema","svfe-json-schemas-new/v3/invalidacion-schema-v3.json","svfe-json-schemas-old/anulacion-schema-v2.json","documento.telefono","description_modificado","description","Numero de telefono del receptor","Teléfono (Receptor)","Teléfono (Receptor)"
"invalidacion-schema","svfe-json-schemas-new/v3/invalidacion-schema-v3.json","svfe-json-schemas-old/anulacion-schema-v2.json","documento.telefono","restriccion_modificada","pattern","^[0-9+;]{8,50}$","","Teléfono (Receptor)"
"invalidacion-schema","svfe-json-schemas-new/v3/invalidacion-schema-v3.json","svfe-json-schemas-old/anulacion-schema-v2.json","documento.telefono","restriccion_modificada","maxLength","50","30","Teléfono (Receptor)"
"invalidacion-schema","svfe-json-schemas-new/v3/invalidacion-schema-v3.json","svfe-json-schemas-old/anulacion-schema-v2.json","documento.tipoDocumento","type_modificado","type","string","string|null","Tipo documento de identificación (receptor)"
"invalidacion-schema","svfe-json-schemas-new/v3/invalidacion-schema-v3.json","svfe-json-schemas-old/anulacion-schema-v2.json","documento.tipoDocumento","description_modificado","description","Tipo documento de identificación CAT-22: 36 - NIT, 13 - DUI, 02 - Carnet de residente, 03 - PASAPORTE, 37 - OTRO","Tipo documento de identificación (receptor)","Tipo documento de identificación (receptor)"
"invalidacion-schema","svfe-json-schemas-new/v3/invalidacion-schema-v3.json","svfe-json-schemas-old/anulacion-schema-v2.json","documento.tipoDocumento","restriccion_modificada","enum","[""36"",""13"",""02"",""03"",""37""]","","Tipo documento de identificación (receptor)"
"invalidacion-schema","svfe-json-schemas-new/v3/invalidacion-schema-v3.json","svfe-json-schemas-old/anulacion-schema-v2.json","documento.tipoDte","description_modificado","description","Tipo de documento","Tipo DTE","Tipo DTE"
"invalidacion-schema","svfe-json-schemas-new/v3/invalidacion-schema-v3.json","svfe-json-schemas-old/anulacion-schema-v2.json","documento.tipoDte","restriccion_modificada","enum","[""01"",""03"",""04"",""05"",""06"",""07"",""08"",""09"",""10"",""11"",""14"",""15""]","","Tipo DTE"
"invalidacion-schema","svfe-json-schemas-new/v3/invalidacion-schema-v3.json","svfe-json-schemas-old/anulacion-schema-v2.json","documento.tipoDte","restriccion_modificada","pattern","^0[0-9]|1[0-5]$","","Tipo DTE"
"invalidacion-schema","svfe-json-schemas-new/v3/invalidacion-schema-v3.json","svfe-json-schemas-old/anulacion-schema-v2.json","emisor.codEstable","description_modificado","description","Codigo, Numero o Identificador de establecimiento por Contribuyente","Codigo del estalecimiento asignado por el Contribuyente","Codigo del estalecimiento asignado por el Contribuyente"
"invalidacion-schema","svfe-json-schemas-new/v3/invalidacion-schema-v3.json","svfe-json-schemas-old/anulacion-schema-v2.json","emisor.codEstableMH","type_modificado","type","string|null","string","Codigo del establecimiento asignado por el MH"
"invalidacion-schema","svfe-json-schemas-new/v3/invalidacion-schema-v3.json","svfe-json-schemas-old/anulacion-schema-v2.json","emisor.codEstableMH","requerido_modificado","required","no","si","Codigo del establecimiento asignado por el MH"
"invalidacion-schema","svfe-json-schemas-new/v3/invalidacion-schema-v3.json","svfe-json-schemas-old/anulacion-schema-v2.json","emisor.codEstableMH","description_modificado","description","Codigo, Numero o Identificador de establecimiento por MH","Codigo del establecimiento asignado por el MH","Codigo del establecimiento asignado por el MH"
"invalidacion-schema","svfe-json-schemas-new/v3/invalidacion-schema-v3.json","svfe-json-schemas-old/anulacion-schema-v2.json","emisor.codPuntoVenta","description_modificado","description","Codigo, Numero o Identificador de punto de venta por Contribuyente","Codigo del Punto de Venta (Emisor) asignado por Contribuyente","Codigo del Punto de Venta (Emisor) asignado por Contribuyente"
"invalidacion-schema","svfe-json-schemas-new/v3/invalidacion-schema-v3.json","svfe-json-schemas-old/anulacion-schema-v2.json","emisor.codPuntoVentaMH","type_modificado","type","string|null","string","Codigo del Punto de venta (Emisor) asignado por el MH"
"invalidacion-schema","svfe-json-schemas-new/v3/invalidacion-schema-v3.json","svfe-json-schemas-old/anulacion-schema-v2.json","emisor.codPuntoVentaMH","requerido_modificado","required","no","si","Codigo del Punto de venta (Emisor) asignado por el MH"
"invalidacion-schema","svfe-json-schemas-new/v3/invalidacion-schema-v3.json","svfe-json-schemas-old/anulacion-schema-v2.json","emisor.codPuntoVentaMH","description_modificado","description","Codigo, Numero o Identificador de punto de venta por MH","Codigo del Punto de venta (Emisor) asignado por el MH","Codigo del Punto de venta (Emisor) asignado por el MH"
"invalidacion-schema","svfe-json-schemas-new/v3/invalidacion-schema-v3.json","svfe-json-schemas-old/anulacion-schema-v2.json","emisor.correo","description_modificado","description","Correo electronico del emisor","Correo electronico (Emisor)","Correo electronico (Emisor)"
"invalidacion-schema","svfe-json-schemas-new/v3/invalidacion-schema-v3.json","svfe-json-schemas-old/anulacion-schema-v2.json","emisor.correo","restriccion_modificada","format","email","","Correo electronico (Emisor)"
"invalidacion-schema","svfe-json-schemas-new/v3/invalidacion-schema-v3.json","svfe-json-schemas-old/anulacion-schema-v2.json","emisor.correo","restriccion_modificada","minLength","3","1","Correo electronico (Emisor)"
"invalidacion-schema","svfe-json-schemas-new/v3/invalidacion-schema-v3.json","svfe-json-schemas-old/anulacion-schema-v2.json","emisor.nit","description_modificado","description","NIT, sin guiones","NIT (Emisor)","NIT (Emisor)"
"invalidacion-schema","svfe-json-schemas-new/v3/invalidacion-schema-v3.json","svfe-json-schemas-old/anulacion-schema-v2.json","emisor.nit","restriccion_modificada","pattern","^([0-9]{14}|[0-9]{9})$","","NIT (Emisor)"
"invalidacion-schema","svfe-json-schemas-new/v3/invalidacion-schema-v3.json","svfe-json-schemas-old/anulacion-schema-v2.json","emisor.nomEstablecimiento","eliminado","campo","tipo=string|null | requerido=si | descripcion=Nombre de establecimiento | restricciones=minLength=3; maxLength=150","","Nombre de establecimiento"
"invalidacion-schema","svfe-json-schemas-new/v3/invalidacion-schema-v3.json","svfe-json-schemas-old/anulacion-schema-v2.json","emisor.nombre","description_modificado","description","Nombre/Denominacion/Razon social","Nombre (Emisor)","Nombre (Emisor)"
"invalidacion-schema","svfe-json-schemas-new/v3/invalidacion-schema-v3.json","svfe-json-schemas-old/anulacion-schema-v2.json","emisor.nombre","restriccion_modificada","minLength","3","1","Nombre (Emisor)"
"invalidacion-schema","svfe-json-schemas-new/v3/invalidacion-schema-v3.json","svfe-json-schemas-old/anulacion-schema-v2.json","emisor.telefono","type_modificado","type","string|null","string","Teléfono (Emisor)"
"invalidacion-schema","svfe-json-schemas-new/v3/invalidacion-schema-v3.json","svfe-json-schemas-old/anulacion-schema-v2.json","emisor.telefono","description_modificado","description","Numero de telefono del emisor","Teléfono (Emisor)","Teléfono (Emisor)"
"invalidacion-schema","svfe-json-schemas-new/v3/invalidacion-schema-v3.json","svfe-json-schemas-old/anulacion-schema-v2.json","emisor.telefono","restriccion_modificada","pattern","^[0-9+;]{8,26}$","","Teléfono (Emisor)"
"invalidacion-schema","svfe-json-schemas-new/v3/invalidacion-schema-v3.json","svfe-json-schemas-old/anulacion-schema-v2.json","emisor.telefono","restriccion_modificada","maxLength","26","30","Teléfono (Emisor)"
"invalidacion-schema","svfe-json-schemas-new/v3/invalidacion-schema-v3.json","svfe-json-schemas-old/anulacion-schema-v2.json","emisor.tipoEstablecimiento","eliminado","campo","tipo=string | requerido=si | descripcion=Tipo establecimiento donde se emite documento | restricciones=enum=[""01"",""02"",""04"",""07"",""20""]","","Tipo establecimiento donde se emite documento"
"invalidacion-schema","svfe-json-schemas-new/v3/invalidacion-schema-v3.json","svfe-json-schemas-old/anulacion-schema-v2.json","identificacion.ambiente","description_modificado","description","Ambiente de destino: 00 - Pruebas, 01 - Produccion","Ambiente de destino","Ambiente de destino"
"invalidacion-schema","svfe-json-schemas-new/v3/invalidacion-schema-v3.json","svfe-json-schemas-old/anulacion-schema-v2.json","identificacion.fecAnula","eliminado","campo","tipo=string | requerido=si | descripcion=Fecha de invalidacion (formato yyyy-mm-dd) | restricciones=format=date","","Fecha de invalidacion (formato yyyy-mm-dd)"
"invalidacion-schema","svfe-json-schemas-new/v3/invalidacion-schema-v3.json","svfe-json-schemas-old/anulacion-schema-v2.json","identificacion.fecEmi","agregado","campo","","tipo=string | requerido=si | descripcion=Fecha del Evento  | restricciones=format=date","Fecha del Evento "
"invalidacion-schema","svfe-json-schemas-new/v3/invalidacion-schema-v3.json","svfe-json-schemas-old/anulacion-schema-v2.json","identificacion.fusion","agregado","campo","","tipo=string|null | requerido=si | descripcion=Fusiónes y otros | restricciones=pattern=^([0-9]{14}|[0-9]{9})$","Fusiónes y otros"
"invalidacion-schema","svfe-json-schemas-new/v3/invalidacion-schema-v3.json","svfe-json-schemas-old/anulacion-schema-v2.json","identificacion.horAnula","eliminado","campo","tipo=string | requerido=si | descripcion=Hora de invalidacion | restricciones=pattern=^(0[0-9]|1[0-9]|2[0-3]):[0-5][0-9]:[0-5][0-9]?$","","Hora de invalidacion"
"invalidacion-schema","svfe-json-schemas-new/v3/invalidacion-schema-v3.json","svfe-json-schemas-old/anulacion-schema-v2.json","identificacion.horEmi","agregado","campo","","tipo=string | requerido=si | descripcion=Hora del Evento | restricciones=pattern=^(0[0-9]|1[0-9]|2[0-3]):[0-5][0-9]:[0-5][0-9]?$","Hora del Evento"
"invalidacion-schema","svfe-json-schemas-new/v3/invalidacion-schema-v3.json","svfe-json-schemas-old/anulacion-schema-v2.json","identificacion.version","description_modificado","description","Version del esquema","Versión","Versión"
"invalidacion-schema","svfe-json-schemas-new/v3/invalidacion-schema-v3.json","svfe-json-schemas-old/anulacion-schema-v2.json","identificacion.version","restriccion_modificada","const","2","3","Versión"
"invalidacion-schema","svfe-json-schemas-new/v3/invalidacion-schema-v3.json","svfe-json-schemas-old/anulacion-schema-v2.json","motivo.motivoAnulacion","description_modificado","description","Motivo de invalidacion","Motivo","Motivo"
"invalidacion-schema","svfe-json-schemas-new/v3/invalidacion-schema-v3.json","svfe-json-schemas-old/anulacion-schema-v2.json","motivo.motivoAnulacion","restriccion_modificada","minLength","5","1","Motivo"
"invalidacion-schema","svfe-json-schemas-new/v3/invalidacion-schema-v3.json","svfe-json-schemas-old/anulacion-schema-v2.json","motivo.motivoAnulacion","restriccion_modificada","maxLength","250","200","Motivo"
"invalidacion-schema","svfe-json-schemas-new/v3/invalidacion-schema-v3.json","svfe-json-schemas-old/anulacion-schema-v2.json","motivo.nombreResponsable","description_modificado","description","Nombre de la persona responsable de invalidar el DTE","Nombre de quien realiza el evento","Nombre de quien realiza el evento"
"invalidacion-schema","svfe-json-schemas-new/v3/invalidacion-schema-v3.json","svfe-json-schemas-old/anulacion-schema-v2.json","motivo.nombreResponsable","restriccion_modificada","minLength","5","","Nombre de quien realiza el evento"
"invalidacion-schema","svfe-json-schemas-new/v3/invalidacion-schema-v3.json","svfe-json-schemas-old/anulacion-schema-v2.json","motivo.nombreResponsable","restriccion_modificada","minimum","","1","Nombre de quien realiza el evento"
"invalidacion-schema","svfe-json-schemas-new/v3/invalidacion-schema-v3.json","svfe-json-schemas-old/anulacion-schema-v2.json","motivo.nombreSolicita","description_modificado","description","Nombre de la persona que solicita invalidar el DTE","Nombre de quien solicita el evento","Nombre de quien solicita el evento"
"invalidacion-schema","svfe-json-schemas-new/v3/invalidacion-schema-v3.json","svfe-json-schemas-old/anulacion-schema-v2.json","motivo.nombreSolicita","restriccion_modificada","minLength","5","1","Nombre de quien solicita el evento"
"invalidacion-schema","svfe-json-schemas-new/v3/invalidacion-schema-v3.json","svfe-json-schemas-old/anulacion-schema-v2.json","motivo.numDocResponsable","description_modificado","description","Número de documento de identificación ","Número de documento de identificación de quien realiza el evento ","Número de documento de identificación de quien realiza el evento "
"invalidacion-schema","svfe-json-schemas-new/v3/invalidacion-schema-v3.json","svfe-json-schemas-old/anulacion-schema-v2.json","motivo.numDocResponsable","restriccion_modificada","minLength","3","1","Número de documento de identificación de quien realiza el evento "
"invalidacion-schema","svfe-json-schemas-new/v3/invalidacion-schema-v3.json","svfe-json-schemas-old/anulacion-schema-v2.json","motivo.numDocSolicita","description_modificado","description","Número de documento de identificación solicitante.","Número de identificación de quien solicita el evento","Número de identificación de quien solicita el evento"
"invalidacion-schema","svfe-json-schemas-new/v3/invalidacion-schema-v3.json","svfe-json-schemas-old/anulacion-schema-v2.json","motivo.numDocSolicita","restriccion_modificada","minLength","3","1","Número de identificación de quien solicita el evento"
"invalidacion-schema","svfe-json-schemas-new/v3/invalidacion-schema-v3.json","svfe-json-schemas-old/anulacion-schema-v2.json","motivo.tipDocResponsable","description_modificado","description","Tipo documento de identificación CAT-22: 36 - NIT, 13 - DUI, 02 - Carnet de residente, 03 - PASAPORTE, 37 - OTRO","Tipo documento de identificación de quien realiza el evento","Tipo documento de identificación de quien realiza el evento"
"invalidacion-schema","svfe-json-schemas-new/v3/invalidacion-schema-v3.json","svfe-json-schemas-old/anulacion-schema-v2.json","motivo.tipDocResponsable","restriccion_modificada","enum","[""36"",""13"",""02"",""03"",""37""]","","Tipo documento de identificación de quien realiza el evento"
"invalidacion-schema","svfe-json-schemas-new/v3/invalidacion-schema-v3.json","svfe-json-schemas-old/anulacion-schema-v2.json","motivo.tipDocSolicita","description_modificado","description","Tipo documento de identificación solicitante CAT-22: 36 - NIT, 13 - DUI, 02 - Carnet de residente, 03 - PASAPORTE, 37 - OTRO","Tipo documento de identificación de quien solicita el evento","Tipo documento de identificación de quien solicita el evento"
"invalidacion-schema","svfe-json-schemas-new/v3/invalidacion-schema-v3.json","svfe-json-schemas-old/anulacion-schema-v2.json","motivo.tipDocSolicita","restriccion_modificada","enum","[""36"",""13"",""02"",""03"",""37""]","","Tipo documento de identificación de quien solicita el evento"
"invalidacion-schema","svfe-json-schemas-new/v3/invalidacion-schema-v3.json","svfe-json-schemas-old/anulacion-schema-v2.json","motivo.tipoAnulacion","restriccion_modificada","enum","[1,2,3]","","Tipo de invalidacion"
